[{"model": "auth.group", "pk": 1, "fields": {"name": "gestor-portfolio", "permissions": [45, 46, 47, 48, 53, 54, 55, 56, 41, 42, 43, 44, 37, 38, 39, 40]}}, {"model": "auth.group", "pk": 2, "fields": {"name": "autores", "permissions": [77, 78, 80]}}, {"model": "auth.user", "pk": 1, "fields": {"password": "pbkdf2_sha256$1200000$C4wMr5gBnLlClG2Hvxp3WG$Yl4JA6vs+u1ERuDL2PmeqSofqF0mK7revoZJ6zRTSR4=", "last_login": "2026-05-06T16:16:16.818Z", "is_superuser": true, "username": "phil", "first_name": "", "last_name": "", "email": "tiago.a8701@gmail.com", "is_staff": true, "is_active": true, "date_joined": "2026-03-25T11:24:52Z", "groups": [1, 2], "user_permissions": []}}, {"model": "auth.user", "pk": 2, "fields": {"password": "pbkdf2_sha256$1200000$ab4pk79syeGUF8gZhR5t8t$z5GMjJ64UAE+58sshG5Lpd0a7k9YV6dY7Ib/9ks9CBU=", "last_login": "2026-05-06T15:57:02.961Z", "is_superuser": true, "username": "admin", "first_name": "", "last_name": "", "email": "", "is_staff": true, "is_active": true, "date_joined": "2026-04-10T10:34:10Z", "groups": [1, 2], "user_permissions": []}}, {"model": "auth.user", "pk": 3, "fields": {"password": "pbkdf2_sha256$1200000$G0LbIlBlF7NJgsV3Myj87Y$zTvC8zNbip83a2VAiX2/1CKRaNy9yT6HapMCValpv50=", "last_login": "2026-05-07T16:36:25.776Z", "is_superuser": false, "username": "Gestor", "first_name": "Gestor", "last_name": "", "email": "gestor@gmail.com", "is_staff": false, "is_active": true, "date_joined": "2026-05-06T12:31:38Z", "groups": [1, 2], "user_permissions": []}}, {"model": "auth.user", "pk": 4, "fields": {"password": "pbkdf2_sha256$1200000$Cg0ZCbSEs3KIdKHh5jf2Do$Z/ypzx/JfgJqhSYhqqrYQ2bmRnXv6cwTV1S4SsDadVk=", "last_login": "2026-05-07T16:43:41.549Z", "is_superuser": false, "username": "Visitante", "first_name": "Visitante", "last_name": "1", "email": "visitante@gmail.com", "is_staff": false, "is_active": true, "date_joined": "2026-05-06T12:37:04Z", "groups": [2], "user_permissions": []}}, {"model": "auth.user", "pk": 5, "fields": {"password": "pbkdf2_sha256$1200000$ldeXmMsgAuofMcTVG8Cobt$cWC/qD8yrJL5lyaizvcYqeWryCL1TAYwyUdrIPq0DeE=", "last_login": "2026-05-07T15:20:21.542Z", "is_superuser": false, "username": "TestUser", "first_name": "Test", "last_name": "User", "email": "ccdylan@gmail.com", "is_staff": false, "is_active": true, "date_joined": "2026-05-06T13:17:57Z", "groups": [2], "user_permissions": []}}, {"model": "auth.user", "pk": 6, "fields": {"password": "pbkdf2_sha256$1200000$QT19LVLpjwbdeM9JMHCNbO$ADQfweykfFi6RvD3WWOi7crCmnDvfvWZrFw5nUkA3eU=", "last_login": "2026-05-07T16:36:12.599Z", "is_superuser": false, "username": "EscritorArtigos", "first_name": "Escritor", "last_name": "Artigos", "email": "EscritorArtigos@gmail.com", "is_staff": false, "is_active": true, "date_joined": "2026-05-06T15:45:33.269Z", "groups": [2], "user_permissions": []}}, {"model": "portfolio.licenciatura", "pk": 1, "fields": {"nome": "Informática de Gestão", "sigla": "LIG", "grau": "Licenciatura", "duracao_anos": 3, "descricao": "A licenciatura de Informática de Gestão colmata uma das principais necessidades das empresas, em particular no aproximar as áreas de negócio (Marketing, Vendas, Operações, etc.) com as áreas principais de Tecnologias e Sistemas de Informação.\r\nSaber falar negócio e tecnologia é essencial, pois são \"linguagens\" diferentes. Apenas colaboradores capazes de entender a forma como as empresas se estruturam e posicionam nos seus mercados, associado a conhecimentos tecnológicos, poderão potenciar um perfeito alinhamento Tecnologia-Negócio. Este é o foco de quem realiza a licenciatura de Informática de Gestão.\r\n\r\nVárias empresas estão envolvidas ao longo do curso, de forma a incorporar a realidade do mercado empresarial, bem como um corpo docente com experiência prática empresarial de forma a sustentar as bases teóricas e práticas aos alunos que realizam um percurso de elevada qualidade de conhecimentos.\r\n\r\nObjetivos do curso:\r\nA licenciatura em Informática de Gestão pretende formar especialistas aptos a manipular, editar e analisar informação, nomeadamente em ordem ao suporte à tomada de decisão, ao nível conceptual e abstrato, no contexto de atividades de gestão, quer em organizações públicas, quer em organizações privadas. A licenciatura envolve um conjunto de matérias de formação elementar, de base e especializada, que permitem ao futuro profissional atuar com rigor científico, atualidade tecnológica e capacidade de gestão operativa e estratégica, em domínios que englobam a análise, conceção, modelação, produção, operação e manutenção de aplicativos informáticos, redes de informática em organizações, ferramentas de suporte à decisão e aplicativos informáticos para gestão empresarial.", "imagem": "licenciatura/img-1.jpg", "url_deisi": "https://informatica.ulusofona.pt/ensino/licenciaturas/informatica-de-gestao/", "url_lusofona": "https://www.ulusofona.pt/lisboa/licenciaturas/informatica-de-gestao"}}, {"model": "portfolio.docente", "pk": 2, "fields": {"nome": "Pedro Alves", "url_perfil_lusofona": "https://www.ulusofona.pt/docentes/Pedro-Hugo-de-Queiros-Alves-4997", "email": "pedro.alves@ulusofona.pt", "foto": "docentes/UserThumb.jpg"}}, {"model": "portfolio.docente", "pk": 3, "fields": {"nome": "Brena Kelly Sousa Lima", "url_perfil_lusofona": "https://www.ulusofona.pt/docentes/Brena-Kelly-Sousa-Lima-6419", "email": "brena.lima@ulusofona.pt", "foto": ""}}, {"model": "portfolio.docente", "pk": 4, "fields": {"nome": "Lucio Studer Ferreira", "url_perfil_lusofona": "https://www.ulusofona.pt/docentes/LUCIO-MIGUEL-STUDER-FERREIRA-6069", "email": "lucio.studer@ulusofona.pt", "foto": "docentes/UserThumb2.jpg"}}, {"model": "portfolio.docente", "pk": 5, "fields": {"nome": "Lee Doo Hieng", "url_perfil_lusofona": "", "email": "", "foto": ""}}, {"model": "portfolio.docente", "pk": 6, "fields": {"nome": "José Cascais Brás", "url_perfil_lusofona": "https://www.ulusofona.pt/docentes/Jose-Manuel-Catarino-Barreiros-Cascais-Bras-6255", "email": "cascaisbras@gmail.com", "foto": "docentes/UserThumb3.jpg"}}, {"model": "portfolio.docente", "pk": 7, "fields": {"nome": "Rui Ribeiro", "url_perfil_lusofona": "https://www.ulusofona.pt/docentes/RUI-PEDRO-NOBRE-RIBEIRO-3113", "email": "rui.ribeiro@ulusofona.pt", "foto": "docentes/UserThumb4.jpg"}}, {"model": "portfolio.docente", "pk": 8, "fields": {"nome": "Andre Vieira Vassalo Da Fonseca", "url_perfil_lusofona": "https://www.ulusofona.pt/docentes/ANDRE-VIEIRA-VASSALO-DA-FONSECA-1135", "email": "andre.fonseca@ulusofona.pt", "foto": ""}}, {"model": "portfolio.docente", "pk": 9, "fields": {"nome": "Fernando Angelino", "url_perfil_lusofona": "https://www.ulusofona.pt/docentes/FERNANDO-JOSE-DE-AIRES-ANGELINO-6183", "email": "fernando.angelino@ulusofona.pt", "foto": "docentes/UserThum3b.jpg"}}, {"model": "portfolio.docente", "pk": 10, "fields": {"nome": "Rui Miguel Lopes Cardoso", "url_perfil_lusofona": "https://www.ulusofona.pt/docentes/RUI-MIGUEL-LOPES-CARDOSO-5258", "email": "p5258@ulusofona.pt", "foto": ""}}, {"model": "portfolio.docente", "pk": 11, "fields": {"nome": "Diogo Soares Pereira Gil Morais", "url_perfil_lusofona": "https://www.ulusofona.pt/docentes/DIOGO-SOARES-PEREIRA-GIL-MORAIS-1904", "email": "diogo.morais@ulusofona.pt", "foto": "docentes/UserThum55.jpg"}}, {"model": "portfolio.docente", "pk": 12, "fields": {"nome": "Duarte Nuno Donas Botto Neves", "url_perfil_lusofona": "https://www.ulusofona.pt/docentes/Duarte-Nuno-Donas-Botto-Neves-6756", "email": "", "foto": ""}}, {"model": "portfolio.docente", "pk": 13, "fields": {"nome": "Berend Willem Martijn Kuipers", "url_perfil_lusofona": "https://www.ulusofona.pt/docentes/berend-willem-martijn-kuipers-8094", "email": "martijn.kuipers@ulusofona.pt", "foto": "docentes/UserThum32b.jpg"}}, {"model": "portfolio.docente", "pk": 14, "fields": {"nome": "Sofia Naique", "url_perfil_lusofona": "https://www.ulusofona.pt/docentes/SOFIA-MARTA-LIMA-NAIQUE-6476", "email": "p6476@ulusofona.pt", "foto": "docentes/UserTh22um32b.jpg"}}, {"model": "portfolio.docente", "pk": 15, "fields": {"nome": "João Caldeira", "url_perfil_lusofona": "https://www.ulusofona.pt/docentes/JOAO-CARLOS-PALMELA-PINHEIRO-CALDEIRA-7559", "email": "jpalmela@gmail.com", "foto": ""}}, {"model": "portfolio.docente", "pk": 16, "fields": {"nome": "João Pedro Craveiro", "url_perfil_lusofona": "https://www.ulusofona.pt/docentes/Joao-Pedro-Goncalves-Crespo-Craveiro-4854", "email": "joao.craveiro@ulusofona.pt", "foto": "docentes/UserT232humb.jpg"}}, {"model": "portfolio.docente", "pk": 17, "fields": {"nome": "Carlos Rosário", "url_perfil_lusofona": "https://www.ulusofona.pt/docentes/Carlos-Eduardo-Capelo-Ramos-do-Rosario-2632", "email": "p2632@ulusofona.pt", "foto": "docentes/UserTh2umb.jpg"}}, {"model": "portfolio.docente", "pk": 18, "fields": {"nome": "Paulo Jorge Tavares Guedes", "url_perfil_lusofona": "https://www.ulusofona.pt/docentes/Paulo-Jorge-Tavares-Guedes-4693", "email": "paulo.guedes60@yahoo.com", "foto": "docentes/Us212erThumb.jpg"}}, {"model": "portfolio.docente", "pk": 19, "fields": {"nome": "Maria Da Conceição Gonçalves Costa", "url_perfil_lusofona": "https://www.ulusofona.pt/docentes/MARIA-DA-CONCEICAO-GONCALVES-COSTA-2211", "email": "conceicao.costa@ulusofona.pt", "foto": "docentes/UserT12123humb.jpg"}}, {"model": "portfolio.docente", "pk": 20, "fields": {"nome": "Manuel Pita", "url_perfil_lusofona": "https://www.ulusofona.pt/docentes/MANUEL-ARTURO-MARQUES-PITA-5265", "email": "manuel.pita@ulusofona.pt", "foto": "docentes/User1113humb.jpg"}}, {"model": "portfolio.docente", "pk": 21, "fields": {"nome": "Luis Gomes", "url_perfil_lusofona": "https://www.ulusofona.pt/docentes/LUIS-ALEXANDRE-FERREIRA-DE-OLIVEIRA-GOMES-2703", "email": "luis.a.gomes@ulusofona.pt", "foto": "docentes/UserT31122humb.jpg"}}, {"model": "portfolio.docente", "pk": 22, "fields": {"nome": "Maria Do Rosário Cramez Antunes", "url_perfil_lusofona": "https://www.ulusofona.pt/docentes/MARIA-DO-ROSARIO-CRAMEZ-ANTUNES-60813", "email": "", "foto": ""}}, {"model": "portfolio.unidadecurricular", "pk": 1, "fields": {"licenciatura": 1, "nome": "Contabilidade", "sigla": "Cont.", "ano": 1, "semestre": 1, "ects": 6, "descricao": "A Unidade Curricular de Contabilidade precede e está interligada com a Unidade Curricular em Gestão Financeira em termos de conteúdo programático e habilita os estudantes com conhecimentos técnicos basilares necessários para a fase seguinte do percurso académico com sucesso. Ficam qualificados com uma importante ferramenta de trabalho indispensável e de imediata aplicação na vida empresarial, dentro da área de gestão.", "imagem": "unidades_curriculares/contabilidade-para-que-serve-contaonline.jpg", "url_ficha": "https://www.ulusofona.pt/lisboa/licenciaturas/informatica-de-gestao/ULHT12-1796", "concluida": true, "docentes": [5]}}, {"model": "portfolio.unidadecurricular", "pk": 2, "fields": {"licenciatura": 1, "nome": "Fundamentos de Programação", "sigla": "F.P.", "ano": 1, "semestre": 1, "ects": 6, "descricao": "Esta é uma disciplina fundamental na formação de qualquer profissional da área de Informática pois introduz os conceitos básicos da programação, sobre os quais assentarão muitas disciplinas subsequentes como Linguagens de Programação I e II, Algoritmia e Estruturas de Dados, Programação Web, Computação Móvel, etc. Mais do que aprender uma linguagem de programação, o aluno aprende a pensar como um programador, analisando problemas e desenhando algoritmos que os resolvam recorrendo a fluxogramas e a programas escritos em Kotlin, uma linguagem promissora que combina as melhores características das linguagens modernas mais populares (Java, Python, etc.)\r\n\r\nDado ser o primeiro contacto de muitos alunos com o tópico da Programação, reveste-se de uma importância especial na aquisição de conhecimentos primordiais mas também na sua motivação. Mais do que aprender a programar, os alunos aprendem a gostar de programar.", "imagem": "unidades_curriculares/A-Complete-Guide-to-Learn-Kotlin-for-Android-App-Development.jpg", "url_ficha": "https://www.ulusofona.pt/lisboa/licenciaturas/informatica-de-gestao/ULHT12-7337", "concluida": true, "docentes": [2]}}, {"model": "portfolio.unidadecurricular", "pk": 3, "fields": {"licenciatura": 1, "nome": "Fundamentos de Sistemas de Informação", "sigla": "S.I", "ano": 1, "semestre": 1, "ects": 7, "descricao": "A disciplina insere-se no plano geral de formação em sistemas de informação da licenciatura e tem como principais objetivos fornecer aos alunos um conjunto de conhecimentos gerais e específicos que lhes permita a compreensão e domínio dos tipos, características e papel dos Sistemas de Informação em toda a sociedade e em particular nas empresas, bem como de Gestão e Planeamento de Sistemas de Informação Empresariais, representar e modelar processos de negócio e requisitos. Aprender a especificar e selecionar novos sistemas de informação. Conhecer as metodologias de desenvolvimento e aspetos de segurança a considerar.", "imagem": "unidades_curriculares/Sistemas-de-Informacao-1024x576-1.jpg", "url_ficha": "https://www.ulusofona.pt/lisboa/licenciaturas/informatica-de-gestao/ULHT12-8334", "concluida": true, "docentes": [7, 15]}}, {"model": "portfolio.unidadecurricular", "pk": 4, "fields": {"licenciatura": 1, "nome": "Matemática I", "sigla": "Mat.I", "ano": 1, "semestre": 1, "ects": 6, "descricao": "Esta disciplina abrange os métodos fundamentais de Cálculo associados a funções reais de variável real. É uma área transversal a todas as engenharias e demais cursos de cariz científico. Abrange os métodos clássicos de cálculo diferencial e Integral a uma dimensão.", "imagem": "unidades_curriculares/calculo1-1024x678.jpg", "url_ficha": "https://www.ulusofona.pt/lisboa/licenciaturas/informatica-de-gestao/ULHT12-1", "concluida": true, "docentes": [8]}}, {"model": "portfolio.unidadecurricular", "pk": 5, "fields": {"licenciatura": 1, "nome": "Teoria e Prática de Marketing", "sigla": "T.P.M.", "ano": 1, "semestre": 1, "ects": 5, "descricao": "A unidade curricular Teoria e Prática de Marketing oferece aos estudantes uma visão global sobre os principais conceitos, ferramentas e práticas do marketing. Procura articular fundamentos teóricos com aplicações práticas no campo da Informática de Gestão, permitindo compreender o papel do consumidor, os desafios das organizações e a importância do marketing no atual contexto digital.\r\n\r\nA disciplina prepara os estudantes para analisar criticamente tendências, identificar oportunidades de mercado e aplicar noções fundamentais à realidade empresarial.", "imagem": "unidades_curriculares/63c9106cb67dca89453a7d4d_what-is-marketing.jpg", "url_ficha": "https://www.ulusofona.pt/lisboa/licenciaturas/informatica-de-gestao/ULHT12-7432", "concluida": true, "docentes": [9]}}, {"model": "portfolio.unidadecurricular", "pk": 6, "fields": {"licenciatura": 1, "nome": "Algoritmia e Estruturas de Dados", "sigla": "A.E.D", "ano": 1, "semestre": 2, "ects": 6, "descricao": "Esta UC surge no 2º semestre do 1º ano, na continuação do trabalho iniciado em Fundamentos de Programação (FP). Em FP, os alunos deram os primeiros passos na programação e preocuparam-se principalmente em produzir programas correctos. Agora, em Algoritmia e Estruturas de Dados, irão continuar a produzir programas correctos mas com preocupações de desempenho, a nível de tempo de execução e consumo de memória.\r\n\r\nEsta é uma UC fundamental no currículo de um Engenheiro Informático, que na sua vida profissional encontrará inúmeras situações em que terá que resolver problemas causados por fraco desempenho das aplicações e que exigem um conhecimento sólido dos princípios subjacentes aos principais algoritmos e estruturas de dados.\r\n\r\nNão obstante a aprendizagem de conceitos e técnicas de algoritmia e estruturas de dados, os alunos trabalham outras competências fundamentais. Nomeadamente, o espírito crítico e a capacidade de avaliar várias alternativas para resolver os problemas.", "imagem": "unidades_curriculares/1_Dyu63sMUVL-gYEZISOE2BQ.jpg", "url_ficha": "https://www.ulusofona.pt/lisboa/licenciaturas/informatica-de-gestao/ULHT12-13397", "concluida": true, "docentes": [2]}}, {"model": "portfolio.unidadecurricular", "pk": 7, "fields": {"licenciatura": 1, "nome": "Cálculo Financeiro", "sigla": "C.F", "ano": 1, "semestre": 2, "ects": 5, "descricao": "A Unidade Curricular insere-se no plano geral de formação na Licenciatura de Informática de Gestão, procurando dotar os alunos dos principais conceitos de Cálculo Financeiro visando o suporte\r\npara a tomada de decisão, temática crítica no contexto empresarial.", "imagem": "unidades_curriculares/Screenshot_1.jpg", "url_ficha": "https://www.ulusofona.pt/lisboa/licenciaturas/informatica-de-gestao/ULHT12-154", "concluida": true, "docentes": [10]}}, {"model": "portfolio.unidadecurricular", "pk": 8, "fields": {"licenciatura": 1, "nome": "Competências Comportamentais", "sigla": "C.C.", "ano": 1, "semestre": 2, "ects": 4, "descricao": "Esta unidade curricular (UC) inscreve-se num contexto onde têm sido elencadas necessidades de adaptação dos especialistas em informática ao contexto das organizações, nomeadamente no que às denominadas soft skills diz respeito. Assim, pretende-se que os alunos desenvolvam conhecimentos ao nível das ferramentas básicas de empregabilidade (ex. Currículo, redes sociais e networking, marketing pessoal), gestão das emoções, gestão de tempo (ex. trabalho remoto), trabalho em equipa e liderança, comunicação e desenvolvimento de competências comportamentais e autoconhecimento. Por outro lado, é objetivo desta UC o desenvolvimento de um plano individual de desenvolvimento pessoal, bem como de aptidões que permitam aos alunos destingir entre factos e opiniões, conhecimento científico e senso comum. Sendo uma UC de índole prática, pretende-se que os conhecimentos sejam operacionalizáveis e tendentes ao desenvolvimento de competências transferíveis do plano académico para a domínio profissional.", "imagem": "unidades_curriculares/images.jpg", "url_ficha": "https://www.ulusofona.pt/lisboa/licenciaturas/informatica-de-gestao/ULHT12-17267", "concluida": true, "docentes": [11]}}, {"model": "portfolio.unidadecurricular", "pk": 9, "fields": {"licenciatura": 1, "nome": "Linguagens de Programação I", "sigla": "L.P.1", "ano": 1, "semestre": 2, "ects": 5, "descricao": "Esta unidade curricular oferece uma extensa exploração da programação procedural usando a linguagem de programação C, abrangendo tópicos fundamentais e avançados. Os alunos obterão uma compreensão abrangente da história da programação C e dos seus benefícios, bem como aprenderão a criar e executar programas simples em C. O currículo concentra-se em conceitos essenciais, incluindo tipos de dados, variáveis, estruturas de controlo, funções e ponteiros, com oportunidades de experiência prática para reforçar o conhecimento. A unidade curricular também aborda tópicos avançados, como manipulação de ficheiros, alocação dinâmica de memória e estruturas de dados como listas e filas. Através de projetos de programação, os alunos desenvolverão experiência prática, com ênfase particular em obter uma compreensão completa da organização e operação da memória do computador como um recurso. No final do curso, os alunos serão capazes de criar programas eficientes que fazem uso eficaz da memória.", "imagem": "unidades_curriculares/writing-a-c-program.jpg", "url_ficha": "https://www.ulusofona.pt/lisboa/licenciaturas/informatica-de-gestao/ULHT12-498", "concluida": false, "docentes": [13]}}, {"model": "portfolio.unidadecurricular", "pk": 10, "fields": {"licenciatura": 1, "nome": "Matemática II", "sigla": "Mat.II", "ano": 1, "semestre": 2, "ects": 5, "descricao": "Geométria analítica e calculo diferencial e integral para funções reais de várias variáveis reais.", "imagem": "unidades_curriculares/calculusfear-1.jpg", "url_ficha": "https://www.ulusofona.pt/lisboa/licenciaturas/informatica-de-gestao/ULHT12-505", "concluida": true, "docentes": [8]}}, {"model": "portfolio.unidadecurricular", "pk": 11, "fields": {"licenciatura": 1, "nome": "Métricas Empresariais", "sigla": "M.E", "ano": 1, "semestre": 2, "ects": 5, "descricao": "Esta unidade curricular dedica-se aos conceitos fundamentais da teoria da probabilidade, estatística e métricas empresariais", "imagem": "unidades_curriculares/019be21d38.jpg", "url_ficha": "https://www.ulusofona.pt/lisboa/licenciaturas/informatica-de-gestao/ULHT12-15429", "concluida": true, "docentes": [14]}}, {"model": "portfolio.unidadecurricular", "pk": 12, "fields": {"licenciatura": 1, "nome": "Bases de Dados", "sigla": "B.D", "ano": 2, "semestre": 1, "ects": 6, "descricao": "Esta unidade curricular tem por objetivo apresentar a importância da Gestão de Dados no seio de uma empresa, de forma a garantir quer a operação diária de negócio, bem como o apoio à decisão estratégica.\r\n\r\nNesta unidade reforçar-se-á o enquadramento de estruturação e metodologias de criação das bases de dados.", "imagem": "unidades_curriculares/database-1024x703.jpg", "url_ficha": "https://www.ulusofona.pt/lisboa/licenciaturas/informatica-de-gestao/ULHT12-1792", "concluida": true, "docentes": [7, 21]}}, {"model": "portfolio.unidadecurricular", "pk": 13, "fields": {"licenciatura": 1, "nome": "Instrumentos de Gestão", "sigla": "I.G", "ano": 2, "semestre": 1, "ects": 6, "descricao": "A UC Instrumentos de Gestão insere-se no plano geral de formação na Licenciatura em Informática de Gestão, procurando estabelecer a ligação entre o ambiente informático e o ecossistema de negócios e dotar os alunos da necessária compreensão dos conceitos e princípios universais da Ciência Gestão de Empresas.", "imagem": "unidades_curriculares/13823_01.jpg", "url_ficha": "https://www.ulusofona.pt/lisboa/licenciaturas/informatica-de-gestao/ULHT12-7340", "concluida": true, "docentes": [10]}}, {"model": "portfolio.unidadecurricular", "pk": 14, "fields": {"licenciatura": 1, "nome": "Direito Informático", "sigla": "D.I", "ano": 2, "semestre": 1, "ects": 3, "descricao": "Esta unidade curricular visa dotar os estudantes de conhecimentos fundamentais sobre os principais enquadramentos jurídicos aplicáveis ao uso das tecnologias da informação e comunicação, com especial enfoque na proteção de dados pessoais, cibercrime, propriedade intelectual digital, comércio eletrónico e os desafios jurídicos colocados pela inteligência artificial.", "imagem": "unidades_curriculares/imag2es.jpg", "url_ficha": "https://www.ulusofona.pt/lisboa/licenciaturas/informatica-de-gestao/ULHT12-23041", "concluida": true, "docentes": []}}, {"model": "portfolio.unidadecurricular", "pk": 15, "fields": {"licenciatura": 1, "nome": "Motivação e Liderança", "sigla": "M.I", "ano": 2, "semestre": 1, "ects": 3, "descricao": "Na unidade curricular Motivação e Liderança os alunos tomam conhecimento da importância dos processos de Liderança e Motivação nas Organizações. E como se devem criar condições para motivar pessoas e liderar grupos e pessoas nas organizações", "imagem": "unidades_curriculares/1577388657374.jpg", "url_ficha": "https://www.ulusofona.pt/lisboa/licenciaturas/informatica-de-gestao/ULHT12-7434", "concluida": true, "docentes": [22]}}, {"model": "portfolio.unidadecurricular", "pk": 16, "fields": {"licenciatura": 1, "nome": "Programação Low-Code e No-Code", "sigla": "P.LC", "ano": 2, "semestre": 1, "ects": 6, "descricao": "Introdução aos principais conceitos e competências em desenvolvimento Low Code e No Code, capacitando os alunos a utilizar a plataforma PowerApps para modelar, desenvolver e automatizar processos de negócio. Enfoque nas vantagens, desafios e práticas recomendadas para o desenvolvimento Low Code, com integração a sistemas externos e aplicação prática em projetos reais, preparando os alunos para atender às necessidades tecnológicas das organizações modernas", "imagem": "unidades_curriculares/image2s.jpg", "url_ficha": "https://www.ulusofona.pt/lisboa/licenciaturas/informatica-de-gestao/ULHT12-26190", "concluida": true, "docentes": [6]}}, {"model": "portfolio.unidadecurricular", "pk": 17, "fields": {"licenciatura": 1, "nome": "Sistemas Operativos", "sigla": "S.O", "ano": 2, "semestre": 1, "ects": 6, "descricao": "O objectivo desta UC é o de apresentar os princípios fundamentais dos Sistemas Operativos, de forma a permitir uma compreensão detalhada da sua arquitectura e funcionamento, dando aos alunos os conhecimentos e capacidades para utilizar, configurar e optimizar este componente fundamental dos sistemas informáticos.", "imagem": "unidades_curriculares/operating_system_diagram.jpg", "url_ficha": "https://www.ulusofona.pt/lisboa/licenciaturas/informatica-de-gestao/ULHT12-6305", "concluida": true, "docentes": [16]}}, {"model": "portfolio.unidadecurricular", "pk": 18, "fields": {"licenciatura": 1, "nome": "Engenharia de Requisitos e Testes", "sigla": "E.R.T", "ano": 2, "semestre": 2, "ects": 6, "descricao": "A UC de Análise e Conceção de Sistemas tem por objetivo garantir um enquadramento de gestão de Sistemas de Informação e o seu impacto na componente aplicacional, onde a componente de metodologia e engenharia de requisitos, tal como a metodologia e estruturação de testes de software, sejam unitários ou agregados, são essenciais para o sucesso de negócio das empresas.", "imagem": "unidades_curriculares/1696452895398.jpg", "url_ficha": "https://www.ulusofona.pt/lisboa/licenciaturas/informatica-de-gestao/ULHT12-22512", "concluida": true, "docentes": [6, 7]}}, {"model": "portfolio.unidadecurricular", "pk": 19, "fields": {"licenciatura": 1, "nome": "Gestão Financeira", "sigla": "G.F", "ano": 2, "semestre": 2, "ects": 6, "descricao": "O principal objectivo desta unidade curricular consiste em introduzir aos alunos os conceitos fundamentais relacionados com a gestão financeira das organizações.", "imagem": "unidades_curriculares/gestao-financeira.jpg", "url_ficha": "https://www.ulusofona.pt/lisboa/licenciaturas/informatica-de-gestao/ULHT12-324", "concluida": true, "docentes": [17]}}, {"model": "portfolio.unidadecurricular", "pk": 20, "fields": {"licenciatura": 1, "nome": "Programação Web", "sigla": "P.W", "ano": 2, "semestre": 2, "ects": 6, "descricao": "Esta Unidade Curricular pretende dar formação na área da programação Web em geral, e em particular no desenvolvimento de aplicações Web back-end e front-end, providenciando uma visão global do desenvolvimento moderno para a Web. No front-end, são introduzidos conceitos de estruturação, estilização e interação de conteúdos através das linguagens HTML, CSS e JavaScript, in. No back-end, é ensinado o desenvolvimento de aplicações empresariais seguindo o padrão de desenho model-view-control, recorrendo à linguagem Python e a Web framework django. Pretende-se estimular a criatividade e imaginação no desenvolvimento de aplicações inovadoras que sejam eficientes, escaláveis e fáceis de modificar por um lado, e que ofereçam uma boa experiência para o utilizador. Esta é uma UC fundamental para qualquer profissional da área da informática, pois fornece um conjunto de conhecimentos e ferramentas que serão essenciais em projetos empresariais em que virão a estar inseridos.", "imagem": "unidades_curriculares/html.jpg", "url_ficha": "https://www.ulusofona.pt/lisboa/licenciaturas/informatica-de-gestao/ULHT12-11195", "concluida": false, "docentes": [4]}}, {"model": "portfolio.unidadecurricular", "pk": 21, "fields": {"licenciatura": 1, "nome": "Redes de Computadores", "sigla": "R.C", "ano": 2, "semestre": 2, "ects": 6, "descricao": "Conhecer corretamente os conceitos e principais modelos associados a redes de computadores, bem como, efetuar a análise de um problema e a sua respetiva implementação.", "imagem": "unidades_curriculares/im121ages.jpg", "url_ficha": "https://www.ulusofona.pt/lisboa/licenciaturas/informatica-de-gestao/ULHT12-1793", "concluida": true, "docentes": [3, 16]}}, {"model": "portfolio.unidadecurricular", "pk": 22, "fields": {"licenciatura": 1, "nome": "Sistemas de Suporte à Decisão", "sigla": "S.S.D", "ano": 2, "semestre": 2, "ects": 6, "descricao": "A UC de Sistemas de Suporte à Decisão / Business Intelligence tem por objetivo garantir que há a introdução à temática de processos de análise de dados para apoio às áreas de gestão das empresas. Neste sentido, a UC tem um papel fundamental no ciclo de estudo na compreensão dos processos de gestão e decisão de organizações, para além de como colocar infraestruturas de dados ao serviço do negócio empresarial.", "imagem": "unidades_curriculares/1_k6Fx-GjDhWx9XCdbLhS-vA.jpg", "url_ficha": "https://www.ulusofona.pt/lisboa/licenciaturas/informatica-de-gestao/ULHT12-7303", "concluida": true, "docentes": [7, 15]}}, {"model": "portfolio.unidadecurricular", "pk": 23, "fields": {"licenciatura": 1, "nome": "Data Mining", "sigla": "D.M", "ano": 3, "semestre": 1, "ects": 5, "descricao": "A disciplina de Data Mining tem como objectivo dar ao estudante competências essenciais na análise de dados, de forma a encontrar padrões e insights relevantes que conduzem os processos de apoio à decisão de uma empresa.\r\n\r\nNuma perspetiva multidisciplinar, como se trata a área do Data Mining, serão apresentadas metodologias e técnicas fundamentais para tratar, transformar, construir e analisar os dados. É objectivo desta disciplina dar ao estudante capacidade para traduzir essa análise em conhecimento e valor, de modo sustentado para a tomada de decisão.\r\n\r\nA componente prática é um dos aspetos fundamentais da disciplina, pelo que a capacidade de traduzir conhecimento em ações práticas e decisões de análise é particularmente valorizada.\r\n\r\nA ligação estreita ao mundo empresarial para resposta a perguntas de negócios será retratada nesta disciplina.", "imagem": "unidades_curriculares/data-mining.jpg", "url_ficha": "https://www.ulusofona.pt/lisboa/licenciaturas/informatica-de-gestao/ULHT12-15430", "concluida": true, "docentes": [14]}}, {"model": "portfolio.unidadecurricular", "pk": 24, "fields": {"licenciatura": 1, "nome": "Engenharia de Software", "sigla": "E.S", "ano": 3, "semestre": 1, "ects": 5, "descricao": "A Engenharia de Software ensina o desenho, escrita de código e testes, e manutenção de programas que têm um propósito de resolver problemas complexos com soluções eficientes e seguras. Todas as unidades curriculares anteriores tem um maior foco na sintaxe e técnicas de programação enquanto nesta unidade curricular os alunos aprendem as técnicas de de desenhar e desenvolver software de uma forma eficiente, legível, modular e escalável.\r\n\r\nEsta unidade curricular é essencial para desenvolver as capacidades de desenho e programação que os alunos vão enfrentar no mercado de trabalho.", "imagem": "unidades_curriculares/25.-Engenharia-de-Software.jpg", "url_ficha": "https://www.ulusofona.pt/lisboa/licenciaturas/informatica-de-gestao/ULHT12-7341", "concluida": true, "docentes": [6, 7]}}, {"model": "portfolio.unidadecurricular", "pk": 25, "fields": {"licenciatura": 1, "nome": "Interação Humano-Máquina", "sigla": "I.H.M", "ano": 3, "semestre": 1, "ects": 5, "descricao": "A disciplina Interação Humano-Máquina tem por principal objetivo dotar os estudantes de competências metodológicas, de design, de comunicação e de fatores humanos, que lhes permitam desenhar produtos e serviços com as pessoas e para as pessoas. Num mundo cada vez mais digital, a inclusão de todas as pessoas/cidadãos é cada vez mais necessária. A Humanização da Tecnologia é mais do que uma boa experiência do Utilizador. Na prática e, aplicando os conhecimentos teóricos a projetos, os estudantes deverão ser capazes de criar artefactos (em tecnologias de informação) que melhorem a forma como as pessoas trabalham, comunicam e interagem numa sociedade inclusiva.", "imagem": "unidades_curriculares/FIGURA-3-PROCESSO-DE-INTERACAO.jpg", "url_ficha": "https://www.ulusofona.pt/lisboa/licenciaturas/informatica-de-gestao/ULHT12-11047", "concluida": true, "docentes": [19]}}, {"model": "portfolio.unidadecurricular", "pk": 26, "fields": {"licenciatura": 1, "nome": "Sistemas Móveis Empresariais", "sigla": "S.M.E", "ano": 3, "semestre": 1, "ects": 5, "descricao": "Esta unidade curricular enquadra o impacto de negócio da mobilidade empresarial, bem como garantir os fundamentos de conhecimento de desenvolvimento de aplicações móveis.\r\n\r\nEsta UC tem assim uma importância extrema para o ciclo de estudos, tendo em conta que alia o papel técnico, com o de gestão tecnológica, perfeitamente enquadrado nos objetivos do ciclo de estudos.", "imagem": "unidades_curriculares/What-is-Flutter-1024x784.jpg", "url_ficha": "https://www.ulusofona.pt/lisboa/licenciaturas/informatica-de-gestao/ULHT12-7435", "concluida": true, "docentes": [7]}}, {"model": "portfolio.unidadecurricular", "pk": 27, "fields": {"licenciatura": 1, "nome": "Auditoria de Sistemas de Informação", "sigla": "A.S.I", "ano": 3, "semestre": 2, "ects": 4, "descricao": "Aprendizagem dos conceitos teóricos e práticos fundamentais na auditoria de sistemas de informação.", "imagem": "unidades_curriculares/1750949971631.jpg", "url_ficha": "https://www.ulusofona.pt/lisboa/licenciaturas/informatica-de-gestao/ULHT12-7437", "concluida": true, "docentes": [18]}}, {"model": "portfolio.unidadecurricular", "pk": 28, "fields": {"licenciatura": 1, "nome": "Controlo de Gestão", "sigla": "C.G", "ano": 3, "semestre": 2, "ects": 3, "descricao": "A Unidade Curricular insere-se no plano geral de formação na Licenciatura de Informática de Gestão, procurando dotar os alunos dos principais conceitos de Controlo dde Gestão visando o suporte para a tomada de decisão, temática crítica no contexto empresarial", "imagem": "unidades_curriculares/controlo-de-gestão-nas-empresas.jpg", "url_ficha": "https://www.ulusofona.pt/lisboa/licenciaturas/informatica-de-gestao/ULHT12-5797", "concluida": true, "docentes": [10]}}, {"model": "portfolio.unidadecurricular", "pk": 29, "fields": {"licenciatura": 1, "nome": "Inteligência Artificial", "sigla": "I.A", "ano": 3, "semestre": 2, "ects": 5, "descricao": "Esta cadeira é uma introdução aos conceitos e técnicas básicas da Inteligência Artificial, com três áreas principais de atuação. Primeiro, a formalização do que é uma máquina, tanto na óptica de manipulação de símbolos da máquina de Turing, como nas máquinas de McCulloch and Pitts que funcionam com padrões de interligação entre nós em redes de neurónios. Segundo, o conceito de agente racional em IA, que emerge da interseção com as ciências cognitivas, e as diversas implementações de algoritmos de busca exaustiva estruturada (informados e não informados). Ainda dentro desta área de foco são ainda introduzidos os conceito de busca estocástica e algoritmos para satisfação de restrições (CSPs). Finalmente, na terceira área de foco, os estudantes aprendem noções e usos de alguns dos algoritmos de inteligência artificial avançados que são utilizados hoje em dia.", "imagem": "unidades_curriculares/images1123.jpg", "url_ficha": "https://www.ulusofona.pt/lisboa/licenciaturas/informatica-de-gestao/ULHT12-2129", "concluida": true, "docentes": [20]}}, {"model": "portfolio.unidadecurricular", "pk": 30, "fields": {"licenciatura": 1, "nome": "Sistemas de Informação na Nuvem", "sigla": "S.I.N", "ano": 3, "semestre": 2, "ects": 5, "descricao": "Esta Unidade Curricular tem como objetivo uma introdução à computação em nuvem, numa perspectiva de um iniciante que não possui nenhuma experiência anterior com o tópico.\r\n\r\nA ideia é ajudar a criar Junior Cloud Architects, o que significa crias as competências para implementar ou adotar a tecnologia Cloud, entender o que é exatamente e quais opções existem quando se pensa em implantações em nuvem.\r\n\r\nEsta UC abrange uma ampla variedade de áreas de tópicos de computação em nuvem, fornecendo uma base sólida de entendimento. Esta unidade curricular cria também um ambiente de entendimento da teoria e das formas práticas dos diferentes modelos de serviços de Cloud Computing: Infraestrutura como Serviço (IaaS), Plataforma como Serviço (PaaS) e Software como Serviço (SaaS), fornecendo exemplos e diferenças entre cada .", "imagem": "unidades_curriculares/268500-sistema-em-nuvem-o-que-e-e-quais-as-vantagens-1.jpg", "url_ficha": "https://www.ulusofona.pt/lisboa/licenciaturas/informatica-de-gestao/ULHT12-22514", "concluida": true, "docentes": [7, 21]}}, {"model": "portfolio.unidadecurricular", "pk": 31, "fields": {"licenciatura": 1, "nome": "Trabalho Final de Curso", "sigla": "T.F.C", "ano": 3, "semestre": 2, "ects": 20, "descricao": "O Trabalho Final de Curso (TFC) é um elemento fundamental do currículo da Licenciaturas, funcionando como um momento nuclear na formação dos alunos, nomeadamente em ordem à\r\n\r\npromoção da sua integração profissional e/ou iniciação ao trabalho científico.\r\n\r\nO TFC deve corresponder a um projecto aplicado na área objecto de estudo, podendo incluir a realização de projectos de produção de soluções relevantes para os conteúdos dos curso,\r\n\r\ndesenvolvimento de software ou projectos de índole mais teórica ou académica. O TFC deve conduzir a resultados finais susceptíveis de utilização em contexto real (aparelho, programa, método, modelo conceptual, contributo para investigação ou conclusões sobre um problema).", "imagem": "unidades_curriculares/image123123s.jpg", "url_ficha": "https://www.ulusofona.pt/lisboa/licenciaturas/informatica-de-gestao/ULHT12-5140", "concluida": true, "docentes": [2, 4, 6, 7, 11, 15, 16, 20, 21]}}, {"model": "portfolio.tecnologia", "pk": 1, "fields": {"nome": "Python", "descricao": "O Python é uma linguagem de programação de alto nível, interpretada, orientada a objetos e de propósito geral, famosa pela sua sintaxe clara, simples e legibilidade de código. É amplamente utilizado em ciência de dados, IA, automação (scripting) e desenvolvimento web, destacando-se pela produtividade e vasta biblioteca padrão", "logo": "tecnologias/Python-logo-notext.svg.png", "url_website": "https://www.python.org", "nivel_interesse": 5, "categoria": "linguagem"}}, {"model": "portfolio.tecnologia", "pk": 2, "fields": {"nome": "Azure", "descricao": "O Microsoft Azure é uma plataforma de nuvem abrangente e segura, oferecendo mais de 200 produtos e serviços (IA, bases de dados, IaaS, PaaS) para construir, gerir e implementar aplicações em escala global. Permite computação flexível, armazenamento e análise de dados com pagamento por utilização, suportando tecnologias Windows e Linux.", "logo": "tecnologias/Microsoft_Azure.svg.png", "url_website": "https://azure.microsoft.com/en-us", "nivel_interesse": 4, "categoria": "framework"}}, {"model": "portfolio.tecnologia", "pk": 3, "fields": {"nome": "Axure", "descricao": "O Axure RP é uma das ferramentas mais robustas e completas para o design de experiência do usuário (UX), focada na criação de protótipos de alta fidelidade, diagramas e especificações técnicas. Ao contrário de ferramentas focadas apenas no visual, o Axure permite simular comportamentos complexos de sistemas reais sem a necessidade de escrever código.", "logo": "tecnologias/png-transparent-axure-hd-logo.png", "url_website": "https://www.axure.com", "nivel_interesse": 1, "categoria": "ferramenta"}}, {"model": "portfolio.tecnologia", "pk": 4, "fields": {"nome": "AWS", "descricao": "A AWS (Amazon Web Services) é a plataforma de computação em nuvem da Amazon, sendo a mais abrangente e adotada no mundo. Ela oferece mais de 200 serviços completos, que permitem a empresas e indivíduos alugar recursos de tecnologia (como processamento, armazenamento e bancos de dados) em vez de comprar e manter servidores físicos", "logo": "tecnologias/images.jpg", "url_website": "https://aws.amazon.com", "nivel_interesse": 4, "categoria": "framework"}}, {"model": "portfolio.tecnologia", "pk": 5, "fields": {"nome": "Pentaho", "descricao": "Pentaho allows you to build metadata domains and relational data models. A Pentaho metadata model maps the physical structure of your database into a logical business model.", "logo": "tecnologias/Pentho_logo_-1.jpg", "url_website": "https://pentaho.com", "nivel_interesse": 1, "categoria": "ferramenta"}}, {"model": "portfolio.tecnologia", "pk": 6, "fields": {"nome": "Power Apps", "descricao": "Power Apps é um conjunto de aplicativos, serviços e conectores, bem como uma plataforma de dados, que fornece um ambiente de desenvolvimento rápido para criar aplicativos personalizados para suas necessidades de negócios.", "logo": "tecnologias/apps.58997.13795821674373682.42a749e2-3ed9-43c6-88ec-0045278b4e49.png", "url_website": "https://www.microsoft.com/en-us/power-platform/products/power-apps", "nivel_interesse": 1, "categoria": "ferramenta"}}, {"model": "portfolio.tecnologia", "pk": 7, "fields": {"nome": "Java", "descricao": "O Java é uma linguagem de programação orientada a objetos e uma plataforma de desenvolvimento robusta, popularizada pela filosofia \"escreva uma vez, execute em qualquer lugar\" (WORA). Desenvolvido pela Sun Microsystems em 1995 (hoje Oracle), é amplamente utilizado em aplicações empresariais, desenvolvimento Android, Big Data e sistemas de nuvem devido à sua segurança, portabilidade e gestão automática de memória.", "logo": "tecnologias/java-logo-vert-blk.png", "url_website": "https://www.java.com/en/", "nivel_interesse": 3, "categoria": "linguagem"}}, {"model": "portfolio.tecnologia", "pk": 8, "fields": {"nome": "Kotlin", "descricao": "O Kotlin é uma linguagem de programação moderna, de código aberto, estaticamente tipada e concisa, desenvolvida pela JetBrains. É amplamente utilizada para desenvolvimento Android (sendo a preferida do Google), backend, e multiplataforma (JVM, Android, iOS, Native). Oferece total interoperabilidade com Java e alta segurança contra erros de null.", "logo": "tecnologias/1_b2omuYL3snSMLJfO8wjXrg.png", "url_website": "https://kotlinlang.org", "nivel_interesse": 4, "categoria": "linguagem"}}, {"model": "portfolio.tecnologia", "pk": 9, "fields": {"nome": "MySQL", "descricao": "Structured Query Language (SQL) is the standard, domain-specific programming language designed for managing and manipulating data held in a relational database management system (RDBMS). It is used to create, retrieve, update, and delete data, as well as to manage database schemas and access permissions.", "logo": "tecnologias/sql_data_base_with_logo.png", "url_website": "https://www.mysql.com", "nivel_interesse": 4, "categoria": "base_dados"}}, {"model": "portfolio.tecnologia", "pk": 10, "fields": {"nome": "Power BI", "descricao": "O Power BI é uma plataforma de inteligência de negócios (Business Intelligence ou BI) da Microsoft que permite conectar, transformar e visualizar dados de diversas fontes para facilitar a tomada de decisões.", "logo": "tecnologias/HMA-Power-BI-Logo.png", "url_website": "https://www.microsoft.com/en-us/power-platform/products/power-bi", "nivel_interesse": 4, "categoria": "ferramenta"}}, {"model": "portfolio.tecnologia", "pk": 11, "fields": {"nome": "Django", "descricao": "Django é um framework web de alto nível, gratuito e de código aberto, escrito em Python. Projetado para desenvolvimento rápido, seguro e escalável, ele incentiva um design limpo e prático. O framework é conhecido por automatizar tarefas comuns de desenvolvimento, facilitando a criação de aplicações complexas e baseadas em dados", "logo": "tecnologias/django.png", "url_website": "https://www.djangoproject.com", "nivel_interesse": 5, "categoria": "framework"}}, {"model": "portfolio.tecnologia", "pk": 12, "fields": {"nome": "HTML", "descricao": "HTML (HyperText Markup Language) é a linguagem de marcação padrão para criar a estrutura de páginas web. Utiliza \"tags\" para definir elementos como títulos, parágrafos, imagens e links, organizando o conteúdo para navegadores. É a base da web, geralmente combinada com CSS (estilo) e JavaScript (interatividade)", "logo": "tecnologias/images.png", "url_website": "https://www.w3schools.com/html/", "nivel_interesse": 3, "categoria": "ferramenta"}}, {"model": "portfolio.tecnologia", "pk": 13, "fields": {"nome": "CSS", "descricao": "CSS (Cascading Style Sheets) é uma linguagem de estilo utilizada para definir a apresentação visual de documentos estruturados em HTML. Responsável pelo design, permite controlar cores, fontes, layouts, espaçamentos e responsividade, separando o conteúdo da aparência para criar sites mais atraentes, organizados e compatíveis com diferentes dispositivos.", "logo": "tecnologias/CSS3_Logo.PNG.webp", "url_website": "https://www.w3schools.com/css/", "nivel_interesse": 3, "categoria": "ferramenta"}}, {"model": "portfolio.tecnologia", "pk": 14, "fields": {"nome": "Git", "descricao": "O Git é um sistema de controlo de versões distribuído, gratuito e de código aberto, concebido para gerir o histórico de alterações em ficheiros de forma rápida e eficiente. Permite que múltiplos programadores colaborem em projetos, rastreando modificações, criando ramos (branches) e revertendo alterações, sendo fundamental para o desenvolvimento de software", "logo": "tecnologias/images_1.png", "url_website": "https://git-scm.com", "nivel_interesse": 5, "categoria": "ferramenta"}}, {"model": "portfolio.tecnologia", "pk": 15, "fields": {"nome": "GitHub", "descricao": "O GitHub é uma plataforma em nuvem para hospedagem de código-fonte e arquivos, utilizando Git para controle de versão, permitindo colaboração, armazenamento e compartilhamento de projetos. Funciona como uma rede social para desenvolvedores, essencial para portfólios, com recursos de formatação Markdown e suporte a \"Pull Requests\" e \"Issues\".", "logo": "tecnologias/1_JLYlSLSK8-AZo8gt9UdYqA.jpg", "url_website": "https://github.com", "nivel_interesse": 5, "categoria": "ferramenta"}}, {"model": "portfolio.projeto", "pk": 1, "fields": {"uc": 2, "titulo": "Batalha Naval", "descricao": "Desenvolver uma grelha 2D que simule a arena do jogo, com navios e marcadores de jogadas anteriores.\r\nCriar uma interface de linha de comando para a interação do jogador com o jogo.", "conceitos_aplicados": "Programação em Kotlin: ciclos, funções, arrays, arrays2D, leitura do teclado, escrita no ecrã", "imagem": "projetos/Screenshot_1.jpg", "url_video_demo": "https://youtu.be/CYT0lOyQrro", "url_github": "", "ano_realizacao": 2019, "nota": 12, "tecnologias": [8]}}, {"model": "portfolio.projeto", "pk": 2, "fields": {"uc": 6, "titulo": "Rock in DEISI", "descricao": "Desenvolver uma aplicação de linhas de comando em Java que permite realizar queries relativamente sofisticadas sobre uma base de dados real contendo informações sobre músicas e artistas dos últimos 100 anos, obtidas de repositórios públicos.\r\nA base de dados é representada em ficheiros CSV e os alunos devem implementar estruturas de dados em memória para responder às queries eficientemente.", "conceitos_aplicados": "Algoritmos de ordenação e pesquisa\r\nEstruturas de dados otimizadas para pesquisa como árvores e hashtables\r\nDeteção de bottlenecks\r\nUtilização de otimizações não-algorítmicas como buffering", "imagem": "projetos/CleanShot-2023-07-07-at-20.07.182x-Pedro-Alves.png", "url_video_demo": "", "url_github": "https://github.com/felipegbandeira/projetoAED", "ano_realizacao": 2022, "nota": 12, "tecnologias": [7]}}, {"model": "portfolio.projeto", "pk": 3, "fields": {"uc": 22, "titulo": "Modelação, ETL e Reporting", "descricao": "Modelação de uma base de dados relacional transformando-a em um modelo dimensional (estrela) usando o Oracle Data Modeler\r\nImplementação de processos ETL para transferência e transformação de dados para um Datawarehouse com o Pentaho Data Integration\r\nCriação de relatórios e dashboards analíticos com visualizações interativas utilizando o Power BI Desktop, para facilitar a tomada de decisão baseada em dados", "conceitos_aplicados": "Modelação Dimensional – o modelo em Estrela\r\nExtração, transformação e carregamento de dados para um Datawarehouse\r\nAnálise de dados – Ferramentas de Reporting", "imagem": "projetos/Screenshot_2.jpg", "url_video_demo": "", "url_github": "", "ano_realizacao": 2024, "nota": 13, "tecnologias": [5, 9, 10]}}, {"model": "portfolio.projeto", "pk": 4, "fields": {"uc": 25, "titulo": "App hospitais", "descricao": "", "conceitos_aplicados": "", "imagem": "projetos/Screenshot_3.jpg", "url_video_demo": "https://youtube.com/shorts/qvH2b_u_njU", "url_github": "", "ano_realizacao": 2025, "nota": 12, "tecnologias": [3]}}, {"model": "portfolio.projeto", "pk": 5, "fields": {"uc": 30, "titulo": "Infraestrutura Cloud AWS", "descricao": "Criação de uma infraestrutura cloud utilizando os serviços da\r\nAWS: VPC personalizada, Elastic Beanstalk com aplicação WordPress baseada em\r\nDocker, e uma base de dados RDS com MySQL/MariaDB. O objetivo é demonstrar a\r\nconfiguração de uma aplicação web escalável e segura numa arquitetura em camadas.", "conceitos_aplicados": "", "imagem": "projetos/Screenshot_1_zciuNK4.jpg", "url_video_demo": "", "url_github": "", "ano_realizacao": 2025, "nota": 13, "tecnologias": [4]}}, {"model": "portfolio.projeto", "pk": 6, "fields": {"uc": 31, "titulo": "Interface Azure para ERP", "descricao": "A transformação digital tem reconfigurado a forma como as organizações gerem os seus\r\nrecursos tecnológicos, destacando-se o uso crescente de plataformas cloud como o Microsoft\r\nAzure. Estas tecnologias proporcionam escalabilidade, flexibilidade e segurança, mas, ao mesmo\r\ntempo, introduzem complexidades que dificultam a gestão de utilizadores e recursos,\r\nespecialmente em organizações que utilizam sistemas ERP-GRH como base para a administração\r\nde colaboradores. Atualmente, a ausência de uma integração eficiente entre essas plataformas\r\nresulta em processos manuais que são demorados, propensos a erros e difíceis de escalar.\r\nA solução proposta neste trabalho visa preencher essa lacuna, desenvolvendo uma integração\r\nautomatizada e genérica entre sistemas ERP-GRH e as APIs Azure. Diferentemente de\r\nferramentas existentes no mercado, esta solução não está vinculada a um ERP específico, mas\r\nfoi projetada para ser adaptável a qualquer sistema que permita personalização por meio de\r\nframeworks ou APIs. Com isso, garante-se flexibilidade e aplicabilidade em diferentes contextos\r\norganizacionais.\r\nA abordagem integra tecnologias robustas como o Microsoft Azure, o Entra ID e o Key Vault para\r\ncentralizar e automatizar a gestão de utilizadores, permissões e recursos como VMs, AVDs e\r\nbases de dados. A solução também promove conformidade regulatória, como o GDPR, e\r\nsimplifica a administração ao reduzir a necessidade de intervenção manual. Além disso, a\r\nproposta se diferencia por apresentar custos operacionais reduzidos, sendo uma alternativa\r\neconomicamente viável para organizações de diferentes portes.\r\nPor fim, o desenvolvimento da solução inclui a criação de um modelo genérico e escalável que\r\npode ser expandido futuramente, abrindo espaço para novas funcionalidades e aplicações\r\ncomerciais. Este trabalho representa não apenas uma resposta a problemas operacionais atuais,\r\nmas também um avanço em direção à automação e eficiência na gestão de recursos em\r\nambientes cloud", "conceitos_aplicados": "", "imagem": "projetos/Untitled_Diagram.drawio.png", "url_video_demo": "https://youtu.be/xR4q4ZzzFn0", "url_github": "https://github.com/tiagoamaro22005058/TFC-DEISI2037-Interface_Azure_para_ERP", "ano_realizacao": 2025, "nota": 16, "tecnologias": [1, 2, 9]}}, {"model": "portfolio.competencia", "pk": 1, "fields": {"nome": "Python", "tipo": "tecnica", "nivel": "intermedio", "descricao": "", "tecnologias": [1], "projetos": [6]}}, {"model": "portfolio.competencia", "pk": 2, "fields": {"nome": "Django", "tipo": "tecnica", "nivel": "basico", "descricao": "", "tecnologias": [1], "projetos": []}}, {"model": "portfolio.competencia", "pk": 3, "fields": {"nome": "SQL", "tipo": "tecnica", "nivel": "intermedio", "descricao": "", "tecnologias": [4, 9], "projetos": [3, 6]}}, {"model": "portfolio.competencia", "pk": 4, "fields": {"nome": "HTML/CSS", "tipo": "tecnica", "nivel": "intermedio", "descricao": "", "tecnologias": [], "projetos": []}}, {"model": "portfolio.competencia", "pk": 5, "fields": {"nome": "Git", "tipo": "tecnica", "nivel": "avancado", "descricao": "", "tecnologias": [1, 2, 7, 8, 9], "projetos": [1, 2, 6]}}, {"model": "portfolio.competencia", "pk": 6, "fields": {"nome": "Excel", "tipo": "tecnica", "nivel": "avancado", "descricao": "", "tecnologias": [6, 10], "projetos": [3]}}, {"model": "portfolio.competencia", "pk": 7, "fields": {"nome": "Docker", "tipo": "tecnica", "nivel": "basico", "descricao": "", "tecnologias": [1, 2, 4, 9], "projetos": [5, 6]}}, {"model": "portfolio.competencia", "pk": 8, "fields": {"nome": "Trabalho em equipa", "tipo": "soft", "nivel": "avancado", "descricao": "", "tecnologias": [], "projetos": [1, 2, 3, 4, 5]}}, {"model": "portfolio.competencia", "pk": 9, "fields": {"nome": "Resolução de problemas", "tipo": "soft", "nivel": "avancado", "descricao": "", "tecnologias": [], "projetos": [1, 2, 3, 4, 5, 6]}}, {"model": "portfolio.competencia", "pk": 10, "fields": {"nome": "Comunicação", "tipo": "soft", "nivel": "intermedio", "descricao": "", "tecnologias": [], "projetos": [4, 6]}}, {"model": "portfolio.competencia", "pk": 11, "fields": {"nome": "Gestão de tempo", "tipo": "soft", "nivel": "avancado", "descricao": "", "tecnologias": [], "projetos": [1, 2, 3, 4, 5, 6]}}, {"model": "portfolio.competencia", "pk": 12, "fields": {"nome": "Pensamento crítico", "tipo": "soft", "nivel": "basico", "descricao": "", "tecnologias": [], "projetos": [4, 6]}}, {"model": "portfolio.competencia", "pk": 13, "fields": {"nome": "Português", "tipo": "linguagem", "nivel": "avancado", "descricao": "", "tecnologias": [], "projetos": [1, 2, 3, 4, 5, 6]}}, {"model": "portfolio.competencia", "pk": 14, "fields": {"nome": "Inglês", "tipo": "linguagem", "nivel": "avancado", "descricao": "", "tecnologias": [], "projetos": [1, 2, 3, 4, 5, 6]}}, {"model": "portfolio.tfc", "pk": 1, "fields": {"titulo": "Assessing effectiveness of language models in Project Management Tasks", "autores": "alexandreajunior@gmail.com", "orientadores": "", "curso": "", "ano": 2025, "sumario": "Assessing effectiveness of language models in Project Management Tasks", "palavras_chave": "LLM, Project Management, artificial intelligence, task effectiveness", "areas": "Artificial Intelligence, Management", "tecnologias": "LLM, Ollama, OpenAI", "link_pdf": "", "imagem": "", "rating": 3}}, {"model": "portfolio.tfc", "pk": 2, "fields": {"titulo": "O crescente volume de interações em comunidades virtuais, como fóruns do Reddit,", "autores": "thiagohenrique@gmail.com", "orientadores": "", "curso": "", "ano": 2025, "sumario": "O crescente volume de interações em comunidades virtuais, como fóruns do Reddit, oferece oportunidades valiosas para a investigação de dinâmicas comunicativas, compartilhamento de conhecimento e formação de grupos em ambientes digitais. No entanto, a natureza informal, ruidosa e desestruturada dos textos nessas plataformas impõe desafios metodológicos significativos para análises quantitativas e qualitativas de linguagem. Esta dissertação propõe e apresenta o Comid, uma ferramenta computacional desenvolvida para o pré-processamento, organização e análise de dados textuais provenientes de comunidades do Reddit. O Comid integra métodos avançados de limpeza textual, normalização linguística, geração de corpora, análise de tópicos e agrupamento de interações, oferecendo um pipeline robusto e replicável para pesquisadores interessados em estudos de comunicação mediada por computador. A ferramenta permite a seleção e filtragem criteriosa de conteúdos com base em características estruturais (como tamanho do texto e nível de interação), bem como a organização de conversações por tópicos e períodos de tempo. Além disso, incorpora técnicas de extração de unigramas, bigramas e frases, com cálculo de associações estatísticas, possibilitando análises exploratórias e confirmatórias sobre as dinâmicas discursivas das comunidades analisadas. Esta dissertação contribui metodologicamente ao campo dos estudos de comunidades online, oferecendo uma solução flexível, extensível e alinhada às boas práticas de ciência de dados para a análise de grandes volumes de interações textuais.", "palavras_chave": "API, Análise de Comunidades Online, Análise de Conversação, Comid, Modelação de Tópicos, NLP, Python, Reddit", "areas": "Ciência de Dados, Inteligência Artificial, Processamento de Linguagem Natura (NLP), Redes Sociais, Tecnologia e Desenvolvimento de Software", "tecnologias": "Big Data, Data Mining, Python, WebAPI", "link_pdf": "", "imagem": "", "rating": 5}}, {"model": "portfolio.tfc", "pk": 3, "fields": {"titulo": "Cost reduction and optimization in cloud environments are crucial for organizati", "autores": "jpcamatos31@gmail.com", "orientadores": "", "curso": "", "ano": 2025, "sumario": "Cost reduction and optimization in cloud environments are crucial for organizations seeking to maximize operational efficiency while maintaining competitiveness in a rapidly evolving digital landscape. This thesis explores cloud optimization strategies, focusing on how organizations can effectively manage resources to minimize waste and optimize performance. Various tools, methods, and practices are highlighted in this type of environment that contribute to cost reduction, while ensuring scalability, security, and compliance. By implementing effective cost management practices, organizations not only improve their financial health but also enhance their capacity for innovation, contributing to long-term sustainability and growth.", "palavras_chave": "Azure, Infraestrutura", "areas": "Tecnologia e Desenvolvimento de Software", "tecnologias": "Azure", "link_pdf": "", "imagem": "", "rating": 3}}, {"model": "portfolio.tfc", "pk": 4, "fields": {"titulo": "The topic of energy consumption has gained traction in recent years, as has envi", "autores": "goncalocabeleira123@gmail.com", "orientadores": "", "curso": "", "ano": 2025, "sumario": "The topic of energy consumption has gained traction in recent years, as has environmental sustainability, especially when it comes to machine learning algorithms and their massive usage of resources, prominently during training. However, most data scientists do not have the knowledge or the conduct to try and solve this issue, leading to an over-exhaustion of resources and longer development times. Professionals across the globe are worried about the negative impacts these huge cost sinks can have on future generations and the future of research and development of new technologies. This paper proposes a Python software package designed to enhance the efficiency of machine-learning workflows by estimating the execution time of code within Jupyter Notebooks. This package enables data scientists to optimize their code for reduced runtime and energy consumption by providing real-time insights into computational costs. This approach contributes to the broader goal of sustainable machine learning by promoting resource-efficient practices in model development and experimentation.", "palavras_chave": "Carbon Emissions, Code Carbon, Energy Consumption, Python", "areas": "Ciência de Dados, Tecnologia e Desenvolvimento de Software", "tecnologias": "Code Carbon, Microsoft Visual Studio, Python", "link_pdf": "", "imagem": "", "rating": 5}}, {"model": "portfolio.tfc", "pk": 5, "fields": {"titulo": "A evolução dos sistemas de autenticação forte tem sido crucial para a proteção d", "autores": "jilsonbenjamim@gmail.com", "orientadores": "", "curso": "", "ano": 2025, "sumario": "A evolução dos sistemas de autenticação forte tem sido crucial para a proteção de dados sensíveis e o combate ao acesso não autorizado em plataformas digitais. Esta dissertação explora a análise e implementação de soluções de autenticação multifatorial (MFA), com foco no uso de SMS, OTP e WebAuthn. A pesquisa examina como essas tecnologias de autenticação evoluíram ao longo do tempo e como podem ser aplicadas de maneira eficaz em diferentes contextos, desde locais com infraestrutura limitada até ambientes com infraestrutura avançada. O estudo propõe soluções que equilibram segurança e usabilidade, permitindo a adaptação das tecnologias de autenticação para diferentes níveis de acesso à TI e de letramento digital, assegurando proteção sem comprometer a experiência do usuário.", "palavras_chave": "Analfabetismo digital, Autenticação forte, MFA, OTP, Segurança da informação, webauthn", "areas": "Cibersegurança", "tecnologias": "AWS, HTML, JavaScript, Laravel, PHP, Tailwind CSS", "link_pdf": "", "imagem": "", "rating": 3}}, {"model": "portfolio.tfc", "pk": 6, "fields": {"titulo": "A deteção de ataques de phishing tornou-se um desafio crescente, devido à consta", "autores": "joao.tiago.duraes@gmail.com", "orientadores": "", "curso": "", "ano": 2025, "sumario": "As palavras, transformação digital (TD) resumem um movimento de transformação tecnológica que decorre há várias décadas, com as empresas a integrarem tecnologias digitais nos seus processos criativos. A pandemia da COVID-19 acelerou essa adoção e expôs as vulnerabilidades de setores intensivos em contacto com clientes, como o turismo, hotelaria e restauração (THR). A TD tornou-se um imperativo estratégico para as empresas, independentemente da sua dimensão ou setor de atividade. Em Portugal, onde o turismo representa 7.3% do PIB, as micro, pequenas e médias empresas (PMEs), que representam 99.9% do tecido empresarial nacional, enfrentam desafios específicos na implementação de projetos de TD, apesar da sua importância na economia. O presente estudo visa identificar boas práticas, dificuldades e oportunidades relacionadas com a transformação digital nestes setores, contribuindo para o desenvolvimento económico e digital do município do Barreiro. A pesquisa centra-se em identificar as melhores práticas, os fatores que influenciam o sucesso ou fracasso da TD, e o impacto das políticas públicas locais de digitalização. A pergunta central que orienta o estudo é: \"Quais as melhores práticas de transformação digital adotadas por PMEs do setor do turismo, hotelaria e restauração no município do Barreiro, e que fatores influenciam o seu sucesso ou fracasso?\" Para responder a esta pergunta, optou-se por uma abordagem mista, que combina a revisão sistemática da literatura segundo o modelo PRISMA, com um estudo exploratório de múltiplos casos no Barreiro. Os dados são recolhidos por meio de entrevistas semiestruturadas a gestores e especialistas, e um questionário com escala de Likert para avaliar a maturidade digital das empresas. A análise dos dados íntegra técnicas qualitativas e quantitativas, com triangulação para validar os resultados. O estudo pretende contribuir para a literatura ao preencher lacunas sobre a TD em PMEs do THR em contextos regionais específicos, oferecendo recomendações práticas para empresas e políticas públicas. Palavras-chave: Transformação digital, PMEs, turismo, hotelaria, restauração, boas práticas.", "palavras_chave": "Hotelaria, Restauração, Transformação Digital, Turismo", "areas": "Inovação, PMEs, Redes Sociais, Tecnologia da Informação, turismo", "tecnologias": "Google Charts, IA, Research Methodologies", "link_pdf": "", "imagem": "", "rating": 3}}, {"model": "portfolio.tfc", "pk": 7, "fields": {"titulo": "Olhando para os jogos de hoje, podemos observar um claro avanço em termos de rea", "autores": "leandro-xy@hotmail.com", "orientadores": "", "curso": "", "ano": 2025, "sumario": "Olhando para os jogos de hoje, podemos observar um claro avanço em termos de realismo com o uso de novas tecnologias como o Ray-Tracing, apesar de ser uma tecnologia que proporciona um nível de realismo bastante elevado, esta, tem também um custo de desempenho bastante elevado. Aqui propõem-se a criação de uma mini render engine, onde testamos um ambiente 3D de forma a verificar a qualidade de imagem e tempo de render entre estes dois sistemas existentes (SSR & Ray Tracing), e um sistema híbrido que junta ambas as técnicas de forma a tentar maximizar o desempenho e minimizar as falhas que ambas têm. Esta técnica passa pela criação de um render inicial de Screen-Space, a partir de aqui retiramos a informação de onde esta técnica inicial não consegue atuar, e aplica-se a técnica de Ray-Tracing por cima. Por final, realizar-se-á uma análise de performance e qualidade de imagem a estas 3 técnicas com o objetivo de determinar se esta técnica híbrida será viável para uso em engines de jogos.", "palavras_chave": "Jogos", "areas": "Computação Gráfica, Computer Graphics", "tecnologias": "C++", "link_pdf": "", "imagem": "", "rating": 3}}, {"model": "portfolio.tfc", "pk": 8, "fields": {"titulo": "Com o crescimento da telemedicina como solução para cuidados de saúde à distânci", "autores": "ricardo.goncalves252@gmail.com", "orientadores": "", "curso": "", "ano": 2025, "sumario": "Com o crescimento da telemedicina como solução para cuidados de saúde à distância, surgem desafios significativos ao nível da segurança dos dados, escalabilidade dos sistemas e conformidade com regulamentações como o RGPD e a HIPAA. Esta dissertação propõe o desenvolvimento de uma framework baseada em containers e arquitetura de microsserviços, permitindo criar plataformas de telemedicina seguras, escaláveis e em conformidade legal. A solução permite o agendamento e realização de consultas remotas, gestão de dados clínicos sensíveis e adaptação a diferentes especialidades médicas, garantindo robustez técnica e confiança para profissionais e pacientes.", "palavras_chave": "Aplicação Web, HIPAA, Microsserviços, RGPD, Telemedicina", "areas": "Inovação, Tecnologia da Informação, Tecnologia e Desenvolvimento de Software, saúde", "tecnologias": "Docker, PostgreSQL, Ruby on Rails", "link_pdf": "", "imagem": "", "rating": 3}}, {"model": "portfolio.tfc", "pk": 9, "fields": {"titulo": "This proposal entitled \"\"6G: Impact analysis and new business models in the 5th ", "autores": "gilsonsf2008@gmail.com", "orientadores": "", "curso": "", "ano": 2025, "sumario": "This proposal entitled \"\"6G: Impact analysis and new business models in the 5th Industrial Revolution\"\" aims to investigate the impact of the new 6G generation and its future evolutions in the context of virtualization, briefly highlighting its technical advances, potential applications, ethical challenges and implications in the economic, social and government sectors. 6G is planned for 2030, in which it largely supplants the standards of the current generation, as it integrates with AI, quantum computing, sustainability, ultra-fast connectivity and very low latency, enabling immersive and interactive digital experiences in the context of the Metaverse and much beyond. The work starts from an introduction to the evolutions of mobile networks, from 1G to 6G, through analog, digital transformations and changes in connectivity patterns and services. Notably 6G emerges as an infrastructure capable of supporting disruptive advances, such as holographic communication, neural networks and bio-interfaces, Internet of the Senses and high- speed services including spatial connectivity interactions. In addition, elements such as security, privacy, ethics and sustainability are highlighted as crucial challenges to ensure the reliability and viability of this global transformation. The research proposes an interdisciplinary approach, using innovation diffusion model (DOI) and PRISMA methodology for systematic review, in addition to roadmapping and modeling for prospective scenario. The study addresses the technical requirements, new business models, regulations and ethical impacts, also proposing frameworks aimed at compatibility between technology and strategic sectors. The central point included digital to virtual convergence, the transition to smart networks with AI, and the proposal was the creation of a holistic analysis model for global virtual transformation.", "palavras_chave": "6G, Gestão da Informação, Informação, Inovação, Inteligência Artificial, Internet das Coisas, Transformação, Transformação Digital, Virtual", "areas": "Artificial Intelligence, Cibersegurança, Gestão, Inovação, Management, Segurança Informática, Tecnologia da Informação, Telecomunicações, Wireless communication", "tecnologias": "6G, Bases de Dados, Big Data, Blockchain, Deep learning, Entity Framework, Google Charts, Google Drive, IA, Jira, LLM, Machine Learning, RGPD, Realidade Aumentada, Research Methodologies, Web", "link_pdf": "", "imagem": "", "rating": 4}}, {"model": "portfolio.tfc", "pk": 10, "fields": {"titulo": "Extreme wildfires are increasingly hazardous, particularly plume-dominated fires", "autores": "afonso.oliveira@ulusofona.pt", "orientadores": "", "curso": "", "ano": 2025, "sumario": "Extreme wildfires are increasingly hazardous, particularly plume-dominated fires, which exhibit unpredictable behavior due to their self-sustaining convective columns. Despite their significance, these fires remain poorly understood, hindered by limited observational data and fragmented remote sensing approaches. This paper proposes an Artificial Intelligence-based method adaptive framework for real-time detection and characterization of plume-dominated wildfires using satellite and aerial imagery. The framework focuses on three critical aspects: fire intensity, vertical plume development, and rotational motion. Leveraging satellite data, alongside aerial datasets, the methodology dynamically adapts to available data to ensure accurate assessments. The final output is a risk-graded map identifying zones of active or potential plume-dominated activity, and a deeper characterization of the plume internal mechanisms. The proposed framework has significant potential for improving wildfire prediction, management, and mitigation strategies, contributing to improved safety and resource allocation in wildfire-prone regions.", "palavras_chave": "Fogos, Mapas Multiespectrais, Modelação, Simulação, Wildfires", "areas": "Artificial Intelligence, Inteligência Artificial, Sustentabilidade, Tecnologias Geoespaciais, ambiente, sociedade", "tecnologias": "Deep learning, Python", "link_pdf": "", "imagem": "", "rating": 5}}, {"model": "portfolio.tfc", "pk": 11, "fields": {"titulo": "This study proposes an innovative Rating Model for Information Systems, develope", "autores": "msaraiva88@gmail.com", "orientadores": "", "curso": "", "ano": 2025, "sumario": "This study proposes an innovative Rating Model for Information Systems, developed through long-term research on organizational best practices and widely adopted frameworks, such as ITIL, COBIT, MOF, and ISO9001. A comprehensive state-of-the-art analysis highlighted the absence of specific ratings for Information Systems, prompting a review of established models in areas like finance (Standard & Poor’s) and cybersecurity (BitSight). The methodology combined a systematic literature review, analysis of case studies on framework implementation outcomes, and primary data collection through questionnaires and interviews with organizational managers. This process led to the development of equations and reference models, supporting the proposed rating as a practical tool for assessing and continuously improving organizational Information Systems.", "palavras_chave": "Framework, Gestão de Empresas, Gestão de Sistemas de Informação, Sistemas de Informação", "areas": "Ciência de Dados, Management, empresarial, gestão", "tecnologias": "Big Data, CSS, Data Mining, HTML, Machine Learning, Python", "link_pdf": "", "imagem": "", "rating": 5}}, {"model": "portfolio.tfc", "pk": 12, "fields": {"titulo": "The main contribution of the research work will be focused on development of sch", "autores": "jorge.leiria.pires@gmail.com", "orientadores": "", "curso": "", "ano": 2025, "sumario": "The main contribution of the research work will be focused on development of schemes to detect if someone is at risk of falling or has fallen. This work will strive to respond to several questions, such as: • How to detect if a person has fallen? • Are there any off-the-shelf devices that could be employed to prevent/detect falls? • How to improve detection performance, regarding precision, complexity and/or energy costs, without requiring expensive devices? • Will it be possible to process accelerometer’s collected data on the local device itself, using deep learning algorithms to prevent/detect falls, without having to send it to a remote server?", "palavras_chave": "Doutoramento em informática – novos media e sistemas ubíquos, Quedas", "areas": "Artificial Intelligence, Tecnologia da Informação", "tecnologias": "C++, Machine Learning, Matlab, Programação, Python", "link_pdf": "", "imagem": "", "rating": 5}}, {"model": "portfolio.tfc", "pk": 13, "fields": {"titulo": "The expanding complexity of modern 3D games places increasing demands on develop", "autores": "diogo.andrade@ulusofona.pt", "orientadores": "", "curso": "", "ano": 2025, "sumario": "The expanding complexity of modern 3D games places increasing demands on developers, particularly in area and level design. Initial level prototyping faces pressure for early completion as it sets the stage for subsequent engineering and artistic tasks. Addressing this challenge, we introduce a suite of algorithms aimed at streamlining the creation of 3D environments, with a specific focus on enhancing efficiency during the greyboxing phase of level design. The goal is to equip level designers with tools that enable rapid iteration and acceleration of this crucial stage. The first of these algorithms is dedicated to metadata extraction from human-modeled triangle meshes. It meticulously identifies key features such as entry/exit points, navigation lines, and structural frameworks. This process equips designers with a comprehensive understanding of each geometric element’s design and potential function within the environment. The second algorithm introduces mesh deformation capabilities, considering the structural characteristics of each element. This adaptation allows for versatile topological modifications, reducing the reliance on extensive artistic input and streamlining the component adaptation process. The final algorithm focuses on integrating these geometric elements into a user-defined graph. This graph, formed of 3D points interconnected by probabilistic links, acts as the foundational blueprint for environment assembly. It aligns the geometric elements to ensure spatial coherence and structural integrity within the generated environment. Collectively, these algorithms represent an advancement in early-stage game environment design, emphasizing ease of use and minimal integration effort, they offer designers an ideation and prototyping tool.", "palavras_chave": "Geração Procedimental de Conteúdos, Jogos, design de níveis, geometria computacional, jogos digitais", "areas": "Computação Gráfica, Geometria Computacional, Geração Procedimental de Conteúdo, Inteligência Artificial", "tecnologias": "C#, Unity", "link_pdf": "", "imagem": "", "rating": 3}}, {"model": "portfolio.tfc", "pk": 14, "fields": {"titulo": "The macro question of the research proposal is to provide security computing on ", "autores": "a22404428@alunos.ulht.pt", "orientadores": "", "curso": "", "ano": 2025, "sumario": "The macro question of the research proposal is to provide security computing on IoT devices in a home ecosystem, under the supervision from your Internet Service Provider (ISP). To this end, the ISP must have technical conditions to monitor the IoT device. However, the client of this ISP does not accept access to the device. afraid that the ISP will access the private and private data that the device IoT may contain. Between the two, client and ISP, there may be a possible attack due to, for example, to a vulnerability that is unknown to the customer and that the ISP can to fight. This dilemma between the parties is current and needs to be investigated to propose ways to access the IoT device by the ISP for the purposes of: – monitoring a possible attack, – vulnerability analysis and – mitigation in the event of a security breach that may compromise, in addition to the client's other IT and/or IoT equipment, the ISP IT infrastructure.", "palavras_chave": "ISP, IoT, Segurança em redes, ameaça, doméstico, smart homes, vulnerabilidade", "areas": "Cibersegurança, Segurança Informática", "tecnologias": "AWS, Android, Arduino, Azure, IPSEC, IPv6, Maltego, Python, Shodan", "link_pdf": "", "imagem": "", "rating": 5}}, {"model": "portfolio.tfc", "pk": 15, "fields": {"titulo": "This thesis presents a comprehensive approach to text clustering, an important t", "autores": "petukhova.alina@gmail.com", "orientadores": "", "curso": "", "ano": 2025, "sumario": "This thesis presents a comprehensive approach to text clustering, an important technique for organising and analysing large volumes of textual data. It begins by introducing the TextCL package, which provides advanced text preprocessing and novel outlier detection methods not previously available in Python, thereby enhancing the quality of input data for various Natural Language Processing (NLP) tasks. The study then proceeds with creating the Multilabelled News Dataset (MN-DS) dataset, which illustrates the effective application of the text clustering pipeline on a custom, manually labelled dataset. This dataset also serves as an essential benchmark for news clustering, allowing for an exploration of the hierarchical nature of the labels and their impact on clustering results. Finally, the thesis compares traditional text embeddings like Term Frequency – Inverse Document Frequency (TFIDF) and Bidirectional Encoder Representations from Transformers (BERT)-family embeddings with those generated by Large Language Models (LLMs). Extensive experiments across multiple text datasets show that LLM embeddings significantly improve the capture of semantic relationships within documents, resulting in more accurate and meaningful clustering outcomes. However, the findings indicate that techniques such as increasing model dimensionality and applying summarisation do not always enhance clustering efficiency, emphasising the need for careful consideration in practical applications. This research contributes to fields such as topic modelling and information retrieval by providing a robust framework for text clustering using state-of-the-art embedding techniques.", "palavras_chave": "Natural Language Processing, Text clustering, Large Language Models, Outlier detection, Text preprocessing", "areas": "Ciência de Dados e Inteligência Artificial", "tecnologias": "Deep learning, Python", "link_pdf": "", "imagem": "", "rating": 5}}, {"model": "portfolio.tfc", "pk": 16, "fields": {"titulo": "Apply Deep learning techniques to improve image segmentation tasks and model dep", "autores": "preyesse.arquissandas@ulht.pt", "orientadores": "", "curso": "", "ano": 2025, "sumario": "Apply Deep learning techniques to improve image segmentation tasks and model deployment into resource-constrained devices.", "palavras_chave": "Compression, Deep Learning, Edge Computing, Image Segmentation, Pruning, Quantization", "areas": "Computer Vision, saúde", "tecnologias": "Arduino, Bases de Dados, Deep learning, ESP8266, Machine Learning, Matplotlib, NumPy, Pandas, PyTorch, Python, SQLite, Sklearn, TensorFlow, Windows", "link_pdf": "", "imagem": "", "rating": 5}}, {"model": "portfolio.tfc", "pk": 17, "fields": {"titulo": "Patient feedback is a crucial component in identifying areas of improvement and ", "autores": "luis.osorio@ontop.pt", "orientadores": "", "curso": "", "ano": 2025, "sumario": "Patient feedback is a crucial component in identifying areas of improvement and enhancing service quality in healthcare. However, manual analysis of a large volume of reviews is challenging. This paper proposes a novel framework and software for sentiment analysis and topic modeling with the goal of automating this process, providing a more efficient method for data extraction and facilitating informed decision-making. The Google reviews dataset, a rich source of patient feedback, is used for this purpose. We present findings from related research to identify potential strategies for implementing this framework. The ultimate goal is to understand patient sentiments, identify common complaint topics, and highlight positive aspects of healthcare centers. This approach will provide valuable insights that are essential for the continuous improvement and success of healthcare centers.", "palavras_chave": "Doutoramento em informática – novos media e sistemas ubíquos", "areas": "Ciência de Dados e Inteligência Artificial", "tecnologias": "Python", "link_pdf": "", "imagem": "", "rating": 5}}, {"model": "portfolio.tfc", "pk": 18, "fields": {"titulo": "This doctoral thesis focuses on enhancing the security of Supervisory Control an", "autores": "valevcan@gmail.com", "orientadores": "", "curso": "", "ano": 2025, "sumario": "This doctoral thesis focuses on enhancing the security of Supervisory Control and Data Acquisition (SCADA) systems within Industrial Control Systems (ICS) by simulating cyber attacks using Generative AI and developing anomaly detection mechanisms based on Federated Learning (FL). The study generates synthetic yet realistic cyber attacks using generative models (e.g., GANs, LLMs) and trains decentralized, privacy-preserving anomaly detection models across different SCADA process segments. The proposed approach is evaluated using open-source datasets (SWaT,), employing a process-based FL architecture. The results demonstrate that Federated Learning can effectively detect anomalies while preserving data privacy, offering a robust framework for enhancing SCADA system security.", "palavras_chave": "Cybersecurity, Data Analysis, Inteligência Artificial, IoT, Machine Learning em tempo real", "areas": "Artificial Intelligence, Segurança Informática", "tecnologias": "Deep learning, Machine Learning, Matlab, Matplotlib, Python, TensorFlow", "link_pdf": "", "imagem": "", "rating": 5}}, {"model": "portfolio.tfc", "pk": 19, "fields": {"titulo": "The research focus on advancing the implementation and performance metrics of si", "autores": "a22211643@alunos.ulht.pt", "orientadores": "", "curso": "", "ano": 2025, "sumario": "The research focus on advancing the implementation and performance metrics of simultaneous wireless information and power transfer, by considering approaches to improve the duality of the system. Achieving maximum energy harvesting and reliable information decoding in various indoor and outdoor environments is stipulated. Also, the research expects to introduce suitable modulation techniques that would improve the overall performance of SWIPT.", "palavras_chave": "Simultaneous wireless information and power transfer, UnmannedAerialVehicle (UAV)", "areas": "Telecomunicações, Wireless communication", "tecnologias": "Matlab", "link_pdf": "", "imagem": "", "rating": 3}}, {"model": "portfolio.tfc", "pk": 20, "fields": {"titulo": "This research proposes a sustainable, high-speed communication framework using U", "autores": "hanojhansingh@gmail.com", "orientadores": "", "curso": "", "ano": 2025, "sumario": "This research proposes a sustainable, high-speed communication framework using UAV-assisted hybrid Terahertz (THz) and Visible Light Communication (VLC) technologies for integrated terrestrial and underwater wireless networks. Leveraging UAVs as mobile relays, the system overcomes distance and attenuation constraints of THz and VLC links, ensuring robust connectivity across air, surface, and submerged environments. A novel dual-color OOK modulation scheme is introduced to enhance transmission efficiency, particularly for underwater VLC links where range and scattering pose unique challenges. The project further incorporates Simultaneous Lightwave Information and Power Transfer (SLIPT) and nonlinear energy harvesting models to enable autonomous UAV and surface relay operations. Performance will be evaluated through analytical modeling and simulation, focusing on BER, outage probability, and energy optimization. This work addresses pressing challenges in environmental monitoring, oceanic exploration, and emergency communications, contributing to the development of next-generation sustainable, self-powered, and high-data-rate communication systems.", "palavras_chave": "Autonomous Underwater Vehicle (AUV), Drone, UnderwaterWireless Optical Communications(UWOC), UnmannedAerialVehicle (UAV)", "areas": "Wireless communication", "tecnologias": "Matlab", "link_pdf": "", "imagem": "", "rating": 3}}, {"model": "portfolio.tfc", "pk": 21, "fields": {"titulo": "Virtual environments (VEs) are powerful tools, widely used in computer engineeri", "autores": "f7957@ulusofona.pt", "orientadores": "", "curso": "", "ano": 2025, "sumario": "Virtual environments (VEs) are powerful tools, widely used in computer engineering, not just to engage users, but to transform how people learn, feel, and act. This technology offers a bold new way to foster empathy and drive pro-environmental behavior. Yet, one critical factor remains underexplored: the role of presence in shaping these emotional and behavioral outcomes. This project investigates how varying levels of presence in VEs affect empathy, focusing on sharks and marine conservation. In collaboration with marine biology experts for scientific accuracy, simulations will be created with different degrees of immersion by altering realism and interactivity levels (2D, 3D, Virtual Reality, Immersive Virtual Reality) By analyzing how these factors impact empathetic responses, the study aims to uncover key design principles. The results will help create experiences that encourage meaningful learning and inspire real-world change.", "palavras_chave": "Empatia, Presença, Realidade virtual, Simulação", "areas": "Virtual Reality", "tecnologias": "Unity", "link_pdf": "", "imagem": "", "rating": 3}}, {"model": "portfolio.tfc", "pk": 22, "fields": {"titulo": "Autonomous navigation of vehicles is a hot topic in the science community and is", "autores": "ricardo.santos@ulusofona.pt", "orientadores": "", "curso": "", "ano": 2025, "sumario": "Autonomous navigation of vehicles is a hot topic in the science community and is expected to be achieved in the near future. However, the majority of current commercial vehicles (terrestrial or aerial) depend mainly on satellite signals to estimate their position. Thus, in scenarios where these signals are unavailable, the vehicle may not be able to estimate its position, possibly resulting in severe accidents with high material cost and perhaps casualties. Thus, this research’s main objective is to go beyond the state-of-the-art (SotA) and develop algorithms capable of navigating vehicles in real-time in complex scenarios with high accuracy and trustworthiness. To do so, vehicles will be exploited as sensing platforms to maximize the acquired information about an environment of interest, resorting to both on-board sensing sources and (in)direct communication with other nearby vehicles and/or infrastructure.", "palavras_chave": "Autonomous Navigation", "areas": "Artificial Intelligence", "tecnologias": "C++, Machine Learning, Python", "link_pdf": "", "imagem": "", "rating": 5}}, {"model": "portfolio.tfc", "pk": 23, "fields": {"titulo": "Cybersecurity threats are increasingly frequent and complex, yet the average use", "autores": "afmcosta@gmail.com", "orientadores": "", "curso": "", "ano": 2025, "sumario": "Cybersecurity threats are increasingly frequent and complex, yet the average user and even IT professionals often lack timely and accurate guidance during an incident. General-purpose chatbots powered by large language models (LLMs) offer impressive general knowledge capabilities but fall short in providing domain-specific, contextual, and trustworthy responses during security events. This thesis proposes the development of a conversational AI system, specialized in cybersecurity, capable of offering real-time, actionable responses based on a validated and dynamic knowledge base. The system will integrate retrieval-augmented generation (RAG), expert-curated playbooks, and contextual inference to assist users in detecting, understanding, and mitigating cyber threats.", "palavras_chave": "Inteligência Artificial, LLM, Privacidade e segurança dos dados", "areas": "Artificial Intelligence, Segurança Informática", "tecnologias": "Python", "link_pdf": "", "imagem": "", "rating": 5}}, {"model": "portfolio.tfc", "pk": 24, "fields": {"titulo": "Tabletop Role-Playing Games (TTRPGs) are board games that offer unique game play", "autores": "ana.pinha@ulusofona.pt", "orientadores": "", "curso": "", "ano": 2025, "sumario": "O crescimento do e-commerce trouxe um aumento significativo nas avaliações, que desempenham um papel determinante nas decisões de compra dos consumidores. Contudo, o fenómeno das fake reviews compromete a confiança nas plataformas digitais, prejudicando tanto os consumidores como as empresas. Este trabalho propõe a aplicação de técnicas de aprendizagem automatizada, como o algoritmo K-Means, e de modelos avançados baseados em redes neuronais, com o objetivo de identificar padrões associados a avaliações falsas. Recorrendo a um conjunto de dados da Amazon, recolhido entre 1996 e 2023, serão analisadas métricas comportamentais e linguísticas que possibilitam a distinção entre avaliações genuínas e falsas. Este estudo sublinha a relevância de métodos inovadores e integrados para enfrentar os desafios da manipulação de avaliações, promovendo um ambiente de comércio digital mais mais transparente e fiável.", "palavras_chave": "Avaliação automatizada, Python", "areas": "Ciência de Dados, Ciência de Dados e Inteligência Artificial", "tecnologias": "Python, Sklearn", "link_pdf": "", "imagem": "", "rating": 5}}, {"model": "portfolio.tfc", "pk": 25, "fields": {"titulo": "Este trabalho propõe o desenvolvimento da aplicação mobile AdvenTour, focada no ", "autores": "goncaloneves0207@gmail.com", "orientadores": "", "curso": "", "ano": 2025, "sumario": "When confronted with multiple people interacting with each other there exists a need to separate and identify multiple conversations to participate in them. As online interactions increase, the ability to do the same within complex digital environments becomes critical for ensuring clarity and effective communication and analysis of dialogue. We address this challenge by analyzing the current best practices used, attempting potential improvements and studying the use of machine learning techniques to enhance the accuracy and efficiency of conversation disentanglement.", "palavras_chave": "Python, machine Learning", "areas": "Ciência de Dados", "tecnologias": "Python", "link_pdf": "", "imagem": "", "rating": 5}}, {"model": "portfolio.tfc", "pk": 26, "fields": {"titulo": "Ferramenta de anotação personalizada de dados. Em diversas áreas de machine lear", "autores": "fabiofalopes@gmail.com", "orientadores": "", "curso": "", "ano": 2025, "sumario": "(Continuidade de TFC de 2023/24) \"IoT-Internet of Things Lab\" baseado em duas maquetes funcionais com o objetivo de materializar a Internet das Coisas em algo \"físico e real\". Demonstrando que o valor do conceito se materializa através de sinergias obtidas num ecossistema de tecnologias integradas e é maior que as partes separadamente. Desafio – Frontend (Operacional & Dashboarding) – Analítica e Machine Learning – Mobile com integração de realidade aumentada", "palavras_chave": "Base de Dados, Dashboard, Inteligência Artificial, IoT, Sustentabilidade", "areas": "Inteligência Artificial, Sustentabilidade, Wireless communication, empresarial", "tecnologias": "Arduino, Flutter, MySQL", "link_pdf": "", "imagem": "", "rating": 3}}, {"model": "portfolio.tfc", "pk": 27, "fields": {"titulo": "Acredito profundamente que o tempo é o nosso recurso mais valioso e limitado, e ", "autores": "franciscobarrososousa@gmail.com", "orientadores": "", "curso": "", "ano": 2025, "sumario": "O presente Trabalho Final de Curso (TFC) tem como objetivo demonstrar a construção de uma loja online, Infinity, através da utilização da plataforma Shopify. Pretende-se criar uma solução capaz de acompanhar o crescimento do mercado de e-commerce, bem como oferecer uma proposta inovadora que combina a personalização da loja, através da integração de novas tecnologias como a Inteligência Artificial, e a incorporação de redes sociais, para fortificar a relação com o cliente. O relatório demonstra uma análise detalhada do mercado de e-commerce comparando soluções existentes, como: Shopify, Woocommerce, VTEX, Salesforce Commerce Cloud e Adobe Commerce. Recorrendo aos dados obtidos nesta análise, identificam-se lacunas e oportunidades que justificam a relevância e pertinência do projeto. Para uma melhor abordagem do problema acima referido foram combinados diversos conceitos adquiridos ao longo da licenciatura, relacionados com o planeamento de projeto, desde a recolha e análise de requisitos até à realização de testes de validação.", "palavras_chave": "Inteligência Artificial, Redes Sociais, e-commerce", "areas": "Inteligência Artificial", "tecnologias": "HTML", "link_pdf": "", "imagem": "", "rating": 3}}, {"model": "portfolio.tfc", "pk": 28, "fields": {"titulo": "OBJETIVO: desenvolvimento de aplicações baseadas em plataforma lowcode. modelaçã", "autores": "rodrigombrodrigues03@gmail.com", "orientadores": "", "curso": "", "ano": 2025, "sumario": "Pretende-se desenvolver um conjunto alargado de plataformas de e-commerce B2C e B2B com integrações com redes sociais, Google ads, plataformas de pagamentos entre outros.", "palavras_chave": "Aplicação web Cliente Fatura Fornecedor Produtos, Plataforma Web, WEB", "areas": "Computação Gráfica", "tecnologias": "HTML, HTTP Webservices, JSON, React", "link_pdf": "", "imagem": "", "rating": 4}}, {"model": "portfolio.tfc", "pk": 29, "fields": {"titulo": "O projeto centra-se na modernização dos sistemas de radiocomunicações de uma ent", "autores": "ricardogoncalves126@gmail.com", "orientadores": "", "curso": "", "ano": 2025, "sumario": "A inflação é um indicador económico crítico que afeta indivíduos, empresas e governos igualmente. Apesar da sua importância, muitas pessoas não têm uma compreensão clara de como a inflação é calculada e os fatores que contribuem para a mesma. O ob- jetivo deste projeto, i-Inflation, é desenvolver uma aplicação móvel e uma aplicação web que permita aos usuários colaborar e calcular com eficiência a inflação. A plataforma fornecerá ferramentas para diversas partes interessadas, detentores, incluindo economis- tas, decisores políticos e o público em geral, para se envolverem com dados de tempo real, de modo a melhorar a precisão dos cálculos de inflação e obter uma compreensão mais profunda das tendências económicas. O projeto consistirá em desenvolvimento frontend e backend, com ênfase em interfaces fáceis de usar, visualização de dados e colaboração em tempo real. Em última análise, o i-Inflation procura democratizar a análise económica, tornando os dados de inflação mais acessíveis e compreensíveis para um público mais amplo.", "palavras_chave": "Aplicação Móvel, Aplicação Web, Desenvolvimento backend, Desenvolvimento de Software, Desenvolvimento frontend, Inflação", "areas": "Ciência de Dados e Inteligência Artificial, Economia e Finanças, Tecnologia e Desenvolvimento de Software", "tecnologias": "Ionic Framework, PostGreSQL, Reactjs, Spring Boot (Java)", "link_pdf": "", "imagem": "", "rating": 3}}, {"model": "portfolio.tfc", "pk": 30, "fields": {"titulo": "Este TFC, surge em parceria com a Faculdade de Medicina Veterinária da Universid", "autores": "duartechen@gmail.com", "orientadores": "", "curso": "", "ano": 2025, "sumario": "A mineração de processos de negócio enfrenta desafios significativos de acessibilidade por parte de executivos não-técnicos, criando uma lacuna entre análises de dados complexos e a tomada de decisões estratégicas. Este trabalho tem como foco desenvolver uma plataforma que permita a gestão e questionar processos de negócio através de processamento de linguagem natural, facilitando insights críticos para executivos. A solução proposta utiliza Large Language Models (LLMs) para responder a informações existentes em processos de negócio contidos em documentos com formato (.csv) e (.xes), em diferentes línguas e com outros desafios da área de mineração de processos. A implementação inclui autenticação de utilizadores, ecrãs para ingestão de dados, serviços auxiliares para interagir com a plataforma, serviços para interagir com inteligência artificial generativa (GenAI), a criação de microsserviços em containers e a utilização de computação cloud. O sistema desenvolvido demonstra com sucesso a capacidade de permitir consultas em linguagem natural sobre processos de negócio, oferecendo operações CRUD para gestão de processos e deployment escalável em ambiente cloud. A plataforma prova ser eficaz na transformação de dados estruturados em insights acessíveis para utilizadores não-técnicos. Esta solução contribui para reduzir a lacuna entre a mineração técnica de processos e a acessibilidade executiva, estabelecendo uma base sólida para investigação futura em business intelligence aumentada por inteligência artificial. Este trabalho, nesta fase, assume que não é necessário aprofundar o tema da afinação do modelo escolhido nem a aquisição de dados sobre processos de negócio", "palavras_chave": "Large Language Models, business intelligence, computação cloud, csv, dados estruturados, inteligência artificial generativa, microsserviços, mineração de processos de negócio, processamento de linguagem natural, tomada de decisão, transformação de dados, xes", "areas": "Tecnologia da Informação", "tecnologias": "APIs Rest, Application Server, ChatGPT/Bart, OpenA, Web Serve, django", "link_pdf": "", "imagem": "", "rating": 4}}, {"model": "portfolio.tfc", "pk": 31, "fields": {"titulo": "Automação de testes para RPA em desenvolvimento e pós produção", "autores": "amcalin05@gmail.com", "orientadores": "", "curso": "", "ano": 2025, "sumario": "Em estreita colaboração com o Centro de Medicina de Reabilitação de Alcoitão pretende-se apoiar a decisão quanto à gestão de recursos, de forma a otimizá-los. Neste TFC, através de modelos de Machine Learning, pretende-se caracterizar e classificar os pacientes de forma a prever tempos de espera para internamento por patologia e serviço. Estes resultados ajudarão a melhorar a resposta ao atendimento do utente e apoiar a decisão por parte dos clínicos.", "palavras_chave": "Alcoitão, Centro de Medicina de Reabilitação de Alcoitão (CMRA)", "areas": "saúde", "tecnologias": "Android, Machine Learning, Python", "link_pdf": "", "imagem": "", "rating": 5}}, {"model": "portfolio.tfc", "pk": 32, "fields": {"titulo": "Este projeto detalha o desenvolvimento e implementação de um sistema inovador de", "autores": "thedanielgranja@gmail.com", "orientadores": "", "curso": "", "ano": 2025, "sumario": "(Continuidade de TFC de 2023/24) \"IoT-Internet of Things Lab\" baseado em duas maquetes funcionais com o objetivo de materializar a Internet das Coisas em algo \"físico e real\". Demonstrando que o valor do conceito se materializa através de sinergias obtidas num ecossistema de tecnologias integradas e é maior que as partes separadamente. Desafio – Frontend (Operacional & Dashboarding) – Analítica e Machine Learning – Mobile com integração de realidade aumentada", "palavras_chave": "IoT, Realidade Aumentada", "areas": "IOT", "tecnologias": "Arduino, MQTT", "link_pdf": "", "imagem": "", "rating": 3}}, {"model": "portfolio.tfc", "pk": 33, "fields": {"titulo": "Este projeto explora a aplicação da Internet of Things (IoT) na indústria, visa ", "autores": "anarita.weng2002.04@gmail.com", "orientadores": "", "curso": "", "ano": 2025, "sumario": "O projeto \"Uber de Transporte de Mercadorias\" é uma plataforma digital inovadora desenvolvida para revolucionar o setor de transporte de mercadorias. Utilizando tecnologias avançadas como Spring Framework, PostgreSQL, Flutter e Google Maps API, a aplicação oferece uma solução eficiente, flexível e segura para conectar motoristas independentes a consumidores que necessitam de serviços de transporte. A plataforma destaca-se pela sua interface intuitiva, otimização de rotas em tempo real e autenticação segura via JWT. Com foco na sustentabilidade e eficiência operacional, este projeto visa transformar a logística de mercadorias, tornando-a mais acessível e adaptável às necessidades dos utilizadores.", "palavras_chave": "Aplicação de transporte de mercadorias", "areas": "gestão", "tecnologias": "Flutter, Java, PostGreSQL, Postman", "link_pdf": "", "imagem": "", "rating": 3}}, {"model": "portfolio.tfc", "pk": 34, "fields": {"titulo": "O projeto \"Uber de Transporte de Mercadorias\" é uma plataforma digital inovadora", "autores": "betaniamariaqueta05@gmail.com", "orientadores": "", "curso": "", "ano": 2025, "sumario": "O uso de ferramentas de avaliação automática no meio académico em disciplinas introdutórias de programação, tem vindo a crescer nos últimos anos. Estas ferramentas fornecem ao aluno um feedback qualitativo e quantitativo imediato sobre o seu código, permitindo que o aluno corrija os seus erros incentivando a aprendizagem autónoma. Existem várias ferramentas de avaliações automáticas – Automáted Assessment Tool (AAT), que permitem esse acompanhamento, no entanto, maioritariamente destinam-se a cursos específicos ou aplicam linguagens especificas de conteúdos programáticos. A PANDORA pretende ser um AAT que reúne um conjunto funcionalidades que não se encontram reunidas em nenhuma ferramenta open source, como por exemplo: • Permitir a execução de projetos desenvolvidos em linguagem C e ser expansível para outras linguagens; • A criação de testes unitários de forma fácil • Disponibilizar um ranking de submissões através de critérios de pontuação, como por exemplo: número de testes passados, tempo de execução, número de submissões, memória usada, etc; • Submissões em grupos; disponibilizar toda a informação gerada sobre as últimas submissões de cada aluno. Esta plataforma foi desenvolvida em 2019 pelo Prof. Pedro Serra estando actualmente em produção e a ser utilizada em unidades curriculares na Universidade Lusófona de Humanidades e Tecnologias.", "palavras_chave": "Plataforma inovadora, Trabalho Final de Curso (TFC), plataforma, gestão, docentes, discentes, plataforma", "areas": "empresarial, gestão", "tecnologias": "Django, MySQL, PhpMyAdmin", "link_pdf": "", "imagem": "", "rating": 3}}, {"model": "portfolio.tfc", "pk": 35, "fields": {"titulo": "O Boxit é uma plataforma que pretende virtualizar redes de computadores com o pr", "autores": "21705328@alunos.ulht.pt", "orientadores": "", "curso": "", "ano": 2025, "sumario": "Com o desenvolvimento do tema deste projeto procura-se criar as condições de controle biomédico que estão associadas a deslocações e eventuais quedas de participantes em práticas desportivas ou de pessoas que nas suas deslocações sofram eventuais quedas que possam vir a requerer a intervenção de responsáveis pelo seu bem estar e ainda de pessoa(s)/organizações que queiram desenvolver atividades associadas à prestação de auxilio. De igual modo e face ao crescente envelhecimento da população em geral e da portuguesa em particular, este universo de potenciais utilizadores requer a criação de condições para o acompanhamento dessas populações por parte dos seus cuidadores ou familiares e que não acarrete um custo significativo face à crescente vulgarização dos telemóveis de 4ª geração. Nesse sentido pensou-se que a junção de alguns equipamentos pode ser uma ferramenta útil nessa eventual situação de apoio. Assim à placa Arduino acrescida do módulo de comunicação Bluetooth, cujo nome comercial Bluno foram adicionados a placa Acelerómetro/Giroscópio e o cinto de batimento cardíaco da Medisana. Dos quais se fará uma descrição mais detalhada. Considera-se que se verificou uma ocorrência de queda sempre que os valores dos indicadores do Acelerómetro/Giroscópio indicarem que se alteraram os valores normais dos parâmetros e se estes parâmetro se mantiverem nesses valores por um período de tempo superior ao estabelecido como limite para situações normais e simultaneamente se verificar uma aceleração do número de batimentos cardíacos, fato associado normalmente a estas situações, a pessoa em causa requer uma intervenção de um cuidador ou responsável. Não foi possível desenvolver um complemento desta aplicação que poderia enviar uma mensagem para um telemóvel cujo número seria recolhido antecipadamente à situação que se pretende monitorizar.", "palavras_chave": "Android, Arduino", "areas": "Telecommunications", "tecnologias": "Android, Arduino", "link_pdf": "", "imagem": "", "rating": 3}}, {"model": "portfolio.tfc", "pk": 36, "fields": {"titulo": "O presente trabalho trata-se de uma plataforma de emprego online , que tem como ", "autores": "deisi@ulusofona.pt", "orientadores": "", "curso": "", "ano": 2025, "sumario": "O presente trabalho trata-se de uma plataforma de emprego online , que tem como o objectivo principal fazer a interação entre os jovens formados em determinadas áreas que ainda não se encontram inseridos no mercado de trabalho e as entidades patronais que procuram funcionários ou colaboradores para determinadas áreas dentro da sua organização. Tendo com um dos objectivos principais ser um meio de comunicação fiável entre as empresas e os candidatos, dando a oportunidade de ofertas de emprego que serão disponibilizadas no portal e contratação de funcionários que se encontram inscritos no portal. Para além da sua função como intermediário para contratação, ou procura de emprego, deverá também servir como centro de estatística de quadros angolanos provenientes de vários países bem como a nível nacional. O portal suporta quatro tipos de utilizadores: ● Candidato ● Empregado ● Visitante ● Administrador Existe uma área para cada tipo de utilizador onde cada um poderá gerir os seus dados . O Portal dispõe também de um BackOffice onde permite o utilizador Administrador gerir os dados do portal conforme apropriado através de diferentes tipos de funcionalidades tais como: gestão de dados, filtros, envio de mensagens, possibilidade de fazer download de ficheiros, submetidos pelos vários tipos de utilizadores, e fazer a estáticas gerais sobre o número de ofertas de emprego e utilizadores empregadores por cidades, bem como o número de candidatos por países.", "palavras_chave": "BackOffice, Base de Dados, Candidatos, Emprego, Portal, Web", "areas": "sociedade", "tecnologias": "Bootstrap, HTML, MySQL, PHP", "link_pdf": "", "imagem": "", "rating": 3}}, {"model": "portfolio.tfc", "pk": 37, "fields": {"titulo": "O presente relatório foi realizado em complemento do trabalho de final de curso ", "autores": "deisi@ulusofona.pt", "orientadores": "", "curso": "", "ano": 2025, "sumario": "A aplicação relatada neste relatório tem como objectivo o apoio à gestão corrente de Stock’s, Sócios e Viaturas da Associação Projecto Jovem. A Associação Projecto Jovem é uma Instituição Particular de Solidariedade Social que acolhe diariamente cerca de 30 jovens portadores de deficiência mental/motora. Tem como principal valência o Centro de Actividades Ocupacionais, tendo também a valência de Cantina Social para cerca de 20 famílias. Após tendo feito voluntariado nesta instituição, fiquei a conhecer as suas dificuldades informáticas, principalmente a nível da gestão de Stock’s, Sócios e Viaturas pois não existem muitas aplicações que possam fazer este tipo de gestão e que sejam, simultaneamente, de custo reduzido e eficientes. Nesta aplicação os utilizadores estão divididos por “Administradores” e “Não- Administradores” e, para além de todas as funções disponíveis, existe também um pequeno BackOffice onde se podem configurar Unidades de Medida, Armazéns, Dados da Instituição, etc. No FrontOffice, são permitidas as funções de gestão (criar, editar, remover e listar) para as entidades Sócio, Stock e Viatura, bem como também criar requisições de serviço automóvel e de aquisição de stock.", "palavras_chave": "BackOffice, FrontOffice, Quotas, Requisição, Stock, Sócios, Utilizadores, Viaturas", "areas": "saúde", "tecnologias": "DomPDF, JavaScript, MySQL, PHP, Sublime Text 2, WampServer", "link_pdf": "", "imagem": "", "rating": 3}}, {"model": "portfolio.tfc", "pk": 38, "fields": {"titulo": "Resumo não disponível", "autores": "joaopais29@gmail.com", "orientadores": "", "curso": "", "ano": 2025, "sumario": "Com a proliferação das tecnologias e comunicações wireless, e a capacidade que estas têm de comunicar entre si e de gerar informação, torna-se essencial a existência de ferramentas que permitam gerir a crescente quantidade de informação gerada. Com esta ideia, a realização deste trabalho passa pela investigação e implementação de algumas dessas tecnologias. Os critérios utilizados na escolha das ferramentas foram a sua atualidade bem como a adoção por parte das empresas lideres nesta área. As plataformas escolhidas para o desenvolvimento deste projeto foram então o Apache Hadoop e o Apache Spark. Ao longo deste trabalho serão implementadas ambas as tecnologias num cluster de demonstração e serão exploradas as suas funcionalidades através da análise de dois tipos de ficheiros de log. Pôde-se verificar que ambas as plataformas demonstram características essenciais na gestão de grandes volumes de dados como a versatilidade, escalabilidade, performance, entre outras. Este trabalho é ainda suscetível de continuação pois não foram investigadas todas as potencialidades das plataformas Hadoop e Spark e apenas foi posto em prática num contexto de desenvolvimento.", "palavras_chave": "Big Data, Hadoop, IoT, Spark", "areas": "Ciência de Dados", "tecnologias": "Apache, Big Data", "link_pdf": "", "imagem": "", "rating": 3}}, {"model": "portfolio.tfc", "pk": 39, "fields": {"titulo": "O trabalho desenvolvido foi enquadrado no estudo da Arquitetura de Sistemas da A", "autores": "deisi@ulusofona.pt", "orientadores": "", "curso": "", "ano": 2025, "sumario": "Este trabalho de fim de curso pretende construir um site web que mostra um catálogo de produtos e permite a sua compra. Os conteúdos ficam armazenados num SGBD. O catálogo tem consulta livre, ou seja, não requer autenticação, mas as encomendas são feitas apenas por utilizadores registados, que têm acesso a uma área reservada onde consultam o seu histórico de encomendas e contatam com a administração do site. Permite efetuar o registo no site para poder fazer compras, com acesso a todas as encomendas que foram feitas. Foram utilizados diagramas UML para expressar o levantamento funcional e restantes componentes de análise. Foi definido um diagrama Entidade Relacionamento para a BD. A programação foi efetuada em HTML, CSS, PHP e SQL. Recorri ao NetBeans IDE 8.0 e ao UMLet.", "palavras_chave": "Catágolo, Enfermagem, Website", "areas": "saúde", "tecnologias": "CSS, HTML, PHP, SQL", "link_pdf": "", "imagem": "", "rating": 3}}, {"model": "portfolio.tfc", "pk": 40, "fields": {"titulo": "Até bem recentemente, os sites podiam ser construídos com uma largura fixa, como", "autores": "deisi@ulusofona.pt", "orientadores": "", "curso": "", "ano": 2025, "sumario": "Chegando a este ponto do percurso académico, e enquadrando na nossa área de interesses a escolha do projecto final recaiu sobre o estudo do protocolo WebID, uma solução de Login Universal e Identidade na Web. O WebID, desenvolvido pelo W3C implementa uma infra-estrutura de autenticação. Trata-se de um protocolo de autenticação descentralizado, seguro, utilizando informações de perfil, bem como a camada de segurança SSL disponível nos browsers modernos. O webID é uma forma de identificar uma pessoa, empresa, organização ou outro agente usando um URI (UniformResourceIdentifier)", "palavras_chave": "Login, Web", "areas": "gestão", "tecnologias": "Apache, FOAF + SSL", "link_pdf": "", "imagem": "", "rating": 3}}, {"model": "portfolio.tfc", "pk": 41, "fields": {"titulo": "Pensando em compartilhar minhas curiosidades sobre as relações existentes entre ", "autores": "deisi@ulusofona.pt", "orientadores": "", "curso": "", "ano": 2025, "sumario": "Nowadays, the vast majority of business communications equipment is configurable by command line (CLI). In certain product ranges, almost all the interaction with the unit is made in this particular way. It is especially in this business context, that arises the need to automate certain tasks performed massively and in a repetitive execution. This work aimed to obtain an intuitive tool for minimally manage but fully automate tasks to interact with equipment or equipment groups that are configurable by command line. This solution should alleviate human resources in a way that they can dedicate their time and effort to more complex or motivating tasks, thus improving skills and optimizing time.", "palavras_chave": "Abandono, Banca, Gestão do Relacionamento dos Clientes, Mineralização de Dados,, Modelos Preditivos", "areas": "Telecommunications", "tecnologias": "MySQL, PHP, WampServer", "link_pdf": "", "imagem": "", "rating": 3}}, {"model": "portfolio.tfc", "pk": 42, "fields": {"titulo": "Na sociedade designada por muitos como a “sociedade da informação”, a Informação", "autores": "deisi@ulusofona.pt", "orientadores": "", "curso": "", "ano": 2025, "sumario": "Na sociedade designada por muitos como a “sociedade da informação”, a Informação constitui um factor primordial para qualquer processo de decisão organizacional. Os Sistemas de Informação tornam-se assim de importância vital para as organizações, que deles sempre dependeram. O tema principal deste projecto é criação de uma plataforma Web que irá permitir no caso dos clientes um rápido acesso ao ginásio e realizar diversas operações como marcar aulas, alterar os seus dados pessoais, cancelar aulas. Para o desenvolvimento da aplicação utilizaremos linguagens como Php, Html, MySQL.", "palavras_chave": "PHP", "areas": "", "tecnologias": "HTML, MySQL, PHP", "link_pdf": "", "imagem": "", "rating": 3}}, {"model": "portfolio.tfc", "pk": 43, "fields": {"titulo": "This work aims to create new billing reports layouts. It also aims to change the", "autores": "deisi@ulusofona.pt", "orientadores": "", "curso": "", "ano": 2025, "sumario": "A Engenharia de software é uma área do conhecimento da informática voltada para a especificação, desenvolvimento e manutenção de sistemas de software aplicando tecnologias e práticas da ciência da computação, gestão de projectos e outras disciplinas, com o objectivo de aumentar a organização, a produtividade e a qualidade de alguns aspectos da vida humana. Foi com base nestas premissas que optamos pelo desenvolvimento deste projecto como suporte à renovação de matrículas, quer a nível do ensino secundário quer a nível do ensino básico. Este projecto tem como objectivo a implementação de uma aplicação que irá servir de suporte para a renovação de matrículas a nível nacional. Através desta aplicação pretende-se que haja um melhoramento do processo no que diz respeito ao grau de segurança, fiabilidade e agilidade. A aplicação é desenvolvida sobre a tecnologia .NET recorrendo a várias linguagens de programação, nomeadamente PHP, AJAX e Javascript e Base de Dados MySQL. Esta aplicação será disponibilizada via browser.", "palavras_chave": "", "areas": "gestão", "tecnologias": "NET, AJAX, AJAX, AJAX, JavaScript, MySQL, PHP", "link_pdf": "", "imagem": "", "rating": 3}}, {"model": "portfolio.tfc", "pk": 44, "fields": {"titulo": "O tema principal deste projecto é a criação de uma página Web de uma empresa de ", "autores": "deisi@ulusofona.pt", "orientadores": "", "curso": "", "ano": 2025, "sumario": "Este trabalho foi desenvolvido no âmbito de uniformizar e informatizar todo o processo organizacional de escalonamento de duas grandes entidades – Centros de Saúde e Hospitais. O propósito deste trabalho, é o de construir um sistema de informação entre os principais intervenientes, com vista a uma prática simples e acessível com recurso às tecnologias disponíveis. Os requisitos impostos são os de gerir toda a informação entre os diferentes actores, tendo sempre como preocupação a confidencialidade e segurança dos mesmos", "palavras_chave": "Base de Dados, Cloud Computing, Desnormalização, Refactorização, Windows Azure", "areas": "", "tecnologias": "NET, PHP, XML", "link_pdf": "", "imagem": "", "rating": 3}}, {"model": "portfolio.tfc", "pk": 45, "fields": {"titulo": "Este projecto visa demonstrar a criação de um jogo Web. O jogo foi implementado ", "autores": "deisi@ulusofona.pt", "orientadores": "", "curso": "", "ano": 2025, "sumario": "A capacidade de distinguir e reconhecer acordes, notas e padrões de dedilhados de guitarra é uma das melhores qualidades que um guitarrista pode possuir. Além de aumentar a criatividade e sensibilidade musical do guitarrista também lhe permite transcrever músicas recorrendo somente à audição. Este trabalho tem assim como objectivo o desenvolvimento de uma aplicação simples e móvel para iPhone e iPod com esse mesmo fim. Ao contrário das aplicações disponíveis no mercado, esta, além de implementar técnicas que motivam e estimulam a aprendizagem, não parte do pressuposto que o utilizador já tem um ouvido musical minimamente desenvolvido. O que isto significa é que, nenhum acorde, nota ou padrão de dedilhado é avaliado antes de ser introduzido ao utilizador; introdução ao esta que inclui o som, notação e formação do mesmo. Por conseguinte, o utilizador consegue melhorar o seu ouvido musical mais rapidamente do que pelos meios convencionais.", "palavras_chave": "Acordes, Música, Transcription, ear training, iPhone", "areas": "Música", "tecnologias": "Java", "link_pdf": "", "imagem": "", "rating": 3}}, {"model": "portfolio.tfc", "pk": 46, "fields": {"titulo": "Este documento é o relatório final de um projecto que foi realizado no âmbito da", "autores": "deisi@ulusofona.pt", "orientadores": "", "curso": "", "ano": 2025, "sumario": "Este documento é o relatório final de um projecto que foi realizado no âmbito da cadeira de TFC (Trabalho Final de Curso) e tem como objectivo dar a conhecer a aplicação AncoraGes, o trabalho realizado e as diferentes fases do seu desenvolvimento. O nome da aplicação, AncoraGes foi decidido pelos membros do grupo, sendo apenas um adjectivo usado para referir a aplicação/projecto ao longo deste relatório. A AncoraGes foi criada com a finalidade de sistematizar e coordenar as acções necessárias para uma boa gestão de stock e economato de um grupo de clínicas/hospitais que partilhem esse material. O documento é constituído por 9 capítulos nos quais se apresenta todo o trabalho realizado, como também a organização dos intervenientes. No primeiro capítulo encontra-se o glossário, presente no relatório para que todas as palavras e termos menos comuns, utilizados ao longo do mesmo sejam explicados. O segundo capítulo consiste na introdução, na qual é explicado, de uma forma geral, em que consiste o projecto, o seu enquadramento a nível de empresas e da engenharia de software. Este encontra-se dividido em 5 subcapítulos, propósito do documento, empresa estudada, âmbito da aplicação, situação actual e a aplicação no âmbito da engenharia de software. O terceiro capítulo aborda a análise e modelação previamente efectuada para o sucesso deste projecto. Abordam-se desde a gestão de projecto, à aplicação utilizada, reuniões de acompanhamento, modelação geral à modelação da base de dados. Este capítulo é muito importante pois retrata, explica e demonstra o porquê de grande parte do tempo disponível para a realização deste projecto ter sido empregue nesta fase. No quarto capítulo é descrito todo o processo de desenvolvimento e escolhas feitas para este. É neste capítulo que se encontra uma descrição mais detalhada da aplicação, as configurações necessárias para que a aplicação possa ser usada, as tecnologias utilizadas, as melhores práticas escolhidas para a fase de desenvolvimento e os testes de utilizador. O quinto capítulo é a conclusão, que não é mais que uma descrição do que foi feito, do proveito obtido com a escolha desta aplicação e de tudo o que pode ser de certa forma analisado (pontos fortes do projecto) para futuras implementações. O sexto capítulo apresenta e descreve futuras e saudáveis actualizações que podiam ser feitas, como também pontos do projecto que poderiam ser reestruturados com a finalidade de melhorar a aplicação ou adaptar esta a outra empresa. Nos três capítulos seguintes, encontra-se a bibliografia, referências e anexos importantes e necessários para a execução deste projecto.", "palavras_chave": "", "areas": "gestão", "tecnologias": "ASPNET, C#, SQL Server, Sybas", "link_pdf": "", "imagem": "", "rating": 3}}, {"model": "portfolio.tfc", "pk": 47, "fields": {"titulo": "Nowadays, security awareness is on every industry agenda. Mitigating threats and", "autores": "deisi@ulusofona.pt", "orientadores": "", "curso": "", "ano": 2025, "sumario": "O presente relatório tem como âmbito principal a descrição da experiência de um aluno da Licenciatura em Informática de Gestão da Universidade Lusófona de Humanidades e Tecnologias de Lisboa dedicado e motivado a continuar os seus estudos e actividade profissional na área de informática e gestão da informação. No âmbito do projecto proposto para desenvolvimento de uma aplicação baseado em tecnologias web e de software livre, o aluno tinha como objectivo o aprofundar de conhecimentos anteriormente adquiridos no decorrer dos três anos lectivos que precederam a realização deste projecto e também prover a empresa Virgílio Neves – Electromóveis e Decorações de um sistema informatizado de gestão de stock, vendas e cobranças.", "palavras_chave": "Gestão, Gestão de informação em lavanderia, Software", "areas": "gestão", "tecnologias": "ASPNET, Eclipse, MySQL, Notepad++", "link_pdf": "", "imagem": "", "rating": 3}}, {"model": "portfolio.tfc", "pk": 48, "fields": {"titulo": "Nas últimas décadas foram diversas as transformações ocorridas na sociedade: des", "autores": "deisi@ulusofona.pt", "orientadores": "", "curso": "", "ano": 2025, "sumario": "Este trabalho consistiu na renovação e inovação do site e respectiva loja online da Socomol, Comércio, Importação e Exportação, Lda. Esta nova solução visa responder aos problemas encontrados pelo cliente e visa agilizar todo um processo de encomendas online no período escolar e tornar mais cómodo e tranquilo o inicio do ano lectivo.", "palavras_chave": "Internet, Jogo, Aplicação, Website, Modos de Jogo, Questionários, BackOffice, Estatísticas, Portal, Web Services, Website", "areas": "gestão, saúde", "tecnologias": "Apache, MySQL, PHP, WampServer", "link_pdf": "", "imagem": "", "rating": 3}}, {"model": "portfolio.tfc", "pk": 49, "fields": {"titulo": "Este projecto enquadra-se na indústria do mercado farmacêutico onde o cliente fi", "autores": "deisi@ulusofona.pt", "orientadores": "", "curso": "", "ano": 2025, "sumario": "O VoIP está actualmente no topo da lista de investimentos em tecnologia e constitui para muitos gestores empresariais uma fonte inequívoca de vantagens. Para muitas organizações, a sua principal vantagem consiste na utilização a custo reduzido de tecnologias apenas disponíveis em centrais e Call Centers dispendiosos. Outros reconhecerão a plenitude das vantagens da tecnologia, o que faz com que a transição para o VoIP esteja a ocorrer rapidamente à escala global.", "palavras_chave": "VoIP", "areas": "gestão", "tecnologias": "VoIP", "link_pdf": "", "imagem": "", "rating": 3}}, {"model": "portfolio.tfc", "pk": 50, "fields": {"titulo": "Sistemas Help-Desk podem ser definidos como sendo um sector da empresa ao qual s", "autores": "deisi@ulusofona.pt", "orientadores": "", "curso": "", "ano": 2025, "sumario": "Sistemas Help-Desk podem ser definidos como sendo um sector da empresa ao qual são endereçadas questões e onde são resolvidos problemas, tendo como principal característica a de ser um sistema facilitador de informações. A proposta deste trabalho é realizar a modelagem e o desenvolvimento de um sistema Help-Desk para a Empresa Tempus. Neste trabalho, são apresentados todos os conceitos e uma descrição da funcionalidade do sistema implementado, bem como a sua modelagem e todo o tipo de tecnologia utilizada.", "palavras_chave": "Helpdesk, Qualidade de Serviço, Tecnologia", "areas": "", "tecnologias": "", "link_pdf": "", "imagem": "", "rating": 3}}, {"model": "portfolio.tfc", "pk": 51, "fields": {"titulo": "To provide the labor market with skilled resources is one of today’s main social", "autores": "deisi@ulusofona.pt", "orientadores": "", "curso": "", "ano": 2025, "sumario": "To provide the labor market with skilled resources is one of today’s main social challenges. The qualification paradigm has led us in the past years to human resources evaluation models that mostly praise the operational efficiency of the worker. In a troubled (and distressed) economical context, the ability to possess qualifications and skills must be the “value added” by each one of us to the society. It’s not just a matter of being qualified. It’s mostly a matter of being qualified and skilled. The permanent acquisition of skills is crucial. The scrutiny of those individuals’ skills by the labor market scales up its confidence on those individuals. The Academy has lived, in the past, closed to the society, not being able adapt itself to its new challenges. Those days are gone and now the Academy must provide individuals with qualification, competences and skills. We need to foster an Open Academy. This project intends to be a small contribute to those challenges. It consists on a tool, implemented trough a web site and a database that can provide the Academy information about the skills that students possess, manage that information and manage the programmatic contents of the modules that provide skills (academic disciplines, training courses, workshops, …). The database supports student’s resumes and a comprehensive list of its skills, which can be consulted by any teacher or employer with the appropriate permissions. The web site will be built using Microsoft’s ASP.NET (supported by C# programming language) and SQL Server 2005.", "palavras_chave": "", "areas": "educação", "tecnologias": "NET, SQL, SQL Server", "link_pdf": "", "imagem": "", "rating": 3}}, {"model": "portfolio.tfc", "pk": 52, "fields": {"titulo": "Procedimentos de marcações de actos médicos multi-canal. O projecto acima citado", "autores": "deisi@ulusofona.pt", "orientadores": "", "curso": "", "ano": 2025, "sumario": "O nosso trabalho consiste em desenvolver uma aplicação em PHP que simule uma loja virtual, o programa não ira funcionar online, mas devera comportar-se como um site de compras, que terá como objectivo disponibilizar informações detalhadas e concisas sobre 4 tipos de produtos, no caso, Livros, CDs, DVDs e Hardware. O utilizador poderá interagir no site podendo realizar visualizações dos produtos como poder compra-los. O projecto foi construído e optimizado para o browser FireFox.", "palavras_chave": "", "areas": "gestão", "tecnologias": "Apache, MySQL, PHP", "link_pdf": "", "imagem": "", "rating": 3}}, {"model": "portfolio.tfc", "pk": 53, "fields": {"titulo": "No âmbito da cadeira de “Projecto”, 4o ano da Licenciatura de Informática de Ges", "autores": "deisi@ulusofona.pt", "orientadores": "", "curso": "", "ano": 2025, "sumario": "Resumo não disponível", "palavras_chave": "Base de Dados, SQL, Sistemas Inventário", "areas": "gestão", "tecnologias": "ASPNET, SQL Server", "link_pdf": "", "imagem": "", "rating": 3}}, {"model": "portfolio.tfc", "pk": 54, "fields": {"titulo": "O presente relatório vem descrever um trabalho de estágio numa empresa municipal", "autores": "deisi@ulusofona.pt", "orientadores": "", "curso": "", "ano": 2025, "sumario": "O Futebol Manager consiste numa aplicação de gestão para treinadores de futebol. Esta aplicação permite avaliar os jogadores em cada vertente de treino (Físico, Técnico e Táctico), bem como ver os dados pessoais de cada jogador. A aplicação permite consultar, adicionar, editar e eliminar os dados de cada jogador, treino e utilizadores. Apesar de ser uma ferramenta direccionada para treinadores de futebol, pode ser usada por treinadores de outros desportos cujas estruturas de treinos sejam semelhantes.", "palavras_chave": "Aplicação Web", "areas": "Desporto", "tecnologias": "Spring MVC", "link_pdf": "", "imagem": "", "rating": 3}}, {"model": "portfolio.tfc", "pk": 55, "fields": {"titulo": "O presente relatório pretende descrever o contexto e a solução técnica da gestão", "autores": "deisi@ulusofona.pt", "orientadores": "", "curso": "", "ano": 2025, "sumario": "O objectivo do presente projecto é proceder à análise e desenvolvimento de uma aplicação que permita gerir a relação de uma empresa com os seus fornecedores de um qualquer ramo de actividade e para um qualquer negócio. Foi igualmente considerado o desenvolvimento de uma interface web através da qual poderão ser consultados os dados que constam da aplicação – um Gestor de Projecto poderá ter um acompanhamento dos fornecimentos através de casa, estando de férias ou ate mesmo no local onde decorre o projecto (por exemplo numa obra, se se tratar de um projecto de construção civil) recorrendo ao acesso à internet (neste projecto apenas se vai desenvolver uma interface simples sem grande recursos gráficos e funcionalidades, apenas como referência do que poderia ser desenvolvido em termos de interface web).", "palavras_chave": "Front-End, SQL Server", "areas": "gestão", "tecnologias": "ASPNET, JavaScript, SQL Server, Web, XML", "link_pdf": "", "imagem": "", "rating": 4}}, {"model": "portfolio.tfc", "pk": 56, "fields": {"titulo": "No âmbito da cadeira de projecto do 3o ano da Licenciatura em Engenharia Informá", "autores": "deisi@ulusofona.pt", "orientadores": "", "curso": "", "ano": 2025, "sumario": "O projecto consiste no desenvolvimento de um gestor de chaves (adaptado às necessidades da ULHT – Universidade Lusófona de Humanidades e Tecnologias) que, após inserir um Login, permitirá ao utilizador/administrador realizar uma série de funcionalidades referentes à requisição de chaves e data shows assim como inserir, editar ou apagar salas, blocos, requisições e data shows.", "palavras_chave": "Eurofrutas, Interface do Utilizador, Intra@Eurofrutas, fornecedores, vendas", "areas": "empresarial", "tecnologias": "NET, C#, SQL Server", "link_pdf": "", "imagem": "", "rating": 3}}, {"model": "portfolio.tfc", "pk": 57, "fields": {"titulo": "O ritmo de mudança tem aumentado, vivemos na sociedade da informação e na era da", "autores": "deisi@ulusofona.pt", "orientadores": "", "curso": "", "ano": 2025, "sumario": "As Unidades de Saúde que efectuam prestação de Serviços Médicos Convencionados, deparam- se com bastantes dificuldades no processo de gestão e facturação às entidades com as quais estabelece acordos ou convenções. Estas dificuldades são mais elevadas quando maior o número de acordos estabelecidos, dadas as diferenças existentes ao nível das interfaces disponibilizadas para envio da facturação, bem como as tabelas de actos e valores de comparticipação distintos. Este trabalho final de curso (TFC), resulta de um estudo sobre o processo de facturação de serviços médicos num Grupo de Saúde, prestador de cuidados de saúde, e teve como objectivo conceber uma plataforma que providenciasse uma visão global e integrada, de todos os serviços de suporte ao processo de facturação de serviços médicos, assim como a centralização da informação envolvida no processo, muitas vezes dispersa pelas múltiplas ferramentas existentes.", "palavras_chave": "Trabalho Final de Curso (TFC)", "areas": "gestão, saúde", "tecnologias": "XML", "link_pdf": "", "imagem": "", "rating": 3}}, {"model": "portfolio.tfc", "pk": 58, "fields": {"titulo": "Atingindo a fase final da Licenciatura em Informática, ramo de Gestão, surgiu um", "autores": "deisi@ulusofona.pt", "orientadores": "", "curso": "", "ano": 2025, "sumario": "O objectivo do trabalho é criar uma aplicação informática que visa oferecer ao cliente um conjunto de vantagens a nível de cálculos de custos de chamadas efectuadas na central VOIP adquirida: Rapidez no acesso aos custos de chamadas; Funcionalidades a nível de criação de relatórios; Facilidade de visualização da aplicação no navegador de internet;", "palavras_chave": "Centro de Atendimento, Gestão logins ACD,, Interface de Utilizador web de gestão de assistentes, Modelo de Dados para Códigos ACD", "areas": "gestão", "tecnologias": "Microsoft Visual Basic 6", "link_pdf": "", "imagem": "", "rating": 3}}, {"model": "portfolio.tfc", "pk": 59, "fields": {"titulo": "A importância da Internet tem crescido rapidamente. Através da Internet divulgam", "autores": "deisi@ulusofona.pt", "orientadores": "", "curso": "", "ano": 2025, "sumario": "A importância da Internet tem crescido rapidamente. Através da Internet divulgam-se muitos espaços comerciais. O portal do Xpto Café tem como objectivo divulgar este espaço comercial através da Internet. O portal do Xpto Café foi elaborado tendo em conta as seguintes linguagens de programação HTML, folhas de estilo (CSS), Javascript e ASP.NET, Flash e a base de dados que foi usada com o ASP.MET foi o Access. O HTML é a linguagem fundamental da Internet, esta linguagem foca-se na estrutura dos documentos, formatação de texto, inserção de hiperligações e imagens, a criação de tabelas, a utilização de molduras e a formatação de secções. As folhas de estilo (CSS), uma especificação do W3C para a formatação de documentos HTML que reforça a capacidade gráfica do programador e estende a sua produtividade. O Javascript é uma linguagem criada pela Netscape e hoje omnipresente nos sítios de Internet. O ASP.NET é a mais recente tecnologia de servidor da Microsoft. O flash vai ser usado na página inicial do Xpto Café.", "palavras_chave": "", "areas": "", "tecnologias": "ASPNET, CSS, HTML", "link_pdf": "", "imagem": "", "rating": 3}}, {"model": "portfolio.tfc", "pk": 60, "fields": {"titulo": "Foi nos lançado o desafio de fazermos um projecto sobre algo que despertasse a n", "autores": "deisi@ulusofona.pt", "orientadores": "", "curso": "", "ano": 2025, "sumario": "Trata-se de um trabalho onde os docentes simulam a implementação de um sistema de redes dentro de uma empresa.", "palavras_chave": "BackOffice, Website", "areas": "Telecommunications, gestão", "tecnologias": "Cisco", "link_pdf": "", "imagem": "", "rating": 3}}, {"model": "portfolio.tfc", "pk": 61, "fields": {"titulo": "Pretendo descrever a missão que me foi confiada há cerca de 6 anos e que foi ter", "autores": "deisi@ulusofona.pt", "orientadores": "", "curso": "", "ano": 2025, "sumario": "A emergente evolução das tecnologias de informação revolucionou o mundo empresarial refinando técnicas e metodologias no suporte ao crescimento das empresas. Estratégias empresariais de controlo de tempos e custos visando uma racionalização de recursos no crescimento exigem Sistemas de Informação robustos na segurança, performance e integração da informação. A focalização das empresas nas suas actividades potenciou as parcerias estratégicas para prestação de serviços ao nível do Outsorcing ou simplesmente consultoria em tecnologias de informação. Exige-se uma rápida e clara interpretação das necessidades, para respostas objectivas e eficazes. Quero realçar duas frases “chave” de enquadramento do meu projecto no mundo empresarial: Suporte e Crescimento.", "palavras_chave": "Monitorização, Serviços", "areas": "Telecommunications", "tecnologias": "Crystal Reports, InstallShield, Microsoft Access 2003, Microsoft Visual Basic 6", "link_pdf": "", "imagem": "", "rating": 3}}, {"model": "portfolio.tfc", "pk": 62, "fields": {"titulo": "A introdução das tecnologias de informação continua a alterar profundamente o mo", "autores": "deisi@ulusofona.pt", "orientadores": "", "curso": "", "ano": 2025, "sumario": "No trabalho 1 na disciplina Redes de Computadores tivemos que instalar uma rede integrada numa empresa, empresa essa que chamamos R.A Eventos. Neste trabalho 2 temos que instalar nessa mesma empresa Windows 2003, implementar IP’s e a Active Directory para a empresa. Foi nos dada três fichas para responder, neste trabalho respondemos ás fichas na forma de relatório não necessitando de dividir as questões por números.", "palavras_chave": "Gestão de eventos", "areas": "empresarial, gestão", "tecnologias": "", "link_pdf": "", "imagem": "", "rating": 3}}, {"model": "portfolio.tfc", "pk": 63, "fields": {"titulo": "Este relatório objectiva explicar detalhadamente a solução tecnológica adoptada ", "autores": "deisi@ulusofona.pt", "orientadores": "", "curso": "", "ano": 2025, "sumario": "O projecto desenvolvido visa apoiar a gestão dos equipamentos da empresa Coutinho &amp; Coutinho, Lda. Este trabalho insere-se no âmbito da cadeira de Projecto que faz parte do quarto ano do curso de informática da Universidade Lusófona de Humanidades e Tecnologias.", "palavras_chave": "", "areas": "", "tecnologias": "", "link_pdf": "", "imagem": "", "rating": 3}}, {"model": "portfolio.tfc", "pk": 64, "fields": {"titulo": "O projeto visa o desenvolvimento de uma ferramenta informática de Gestão da Conf", "autores": "deisi@ulusofona.pt", "orientadores": "", "curso": "", "ano": 2025, "sumario": "Gostaria de expressar os meus agradecimentos, em primeiro lugar, à minha mulher por todo o carinho, compreensão, emprenho e ajuda oferecida durante a elaboração deste projecto que tanto tempo me ocupou e me manteve um algo distante. Para ela muito amor e carinho e que o tempo gasto não tenha sido em vão. Em segundo lugar, gostaria de agradecer aos membros da oficina, que me acolheram neste projecto, a disponibilidade que tiveram para me ajudar e elucidarem as minhas questões mais pertinentes.", "palavras_chave": "Website", "areas": "gestão", "tecnologias": "HTML, Linux Ubuntu, PHP, Windows", "link_pdf": "", "imagem": "", "rating": 3}}, {"model": "portfolio.tfc", "pk": 65, "fields": {"titulo": "Pensei numa forma de elaborar um sistema mais simples e eficaz de guardar e cons", "autores": "deisi@ulusofona.pt", "orientadores": "", "curso": "", "ano": 2025, "sumario": "This dissertation presents an innovative Procedural Content Generation algorithm that creates new virtual landscapes, inspired by ant behaviour, as well as realistic modifications to existing landscapes. It does so by adapting ants' pheromone-based pathfinding capabilities and food collection behaviour combined with height perception. Ants navigate their environment by identifying points of interest, such as food sources and their colony, leaving pheromone trails as they move. These trails serve as signals that attract other ants, guiding their paths and enabling collective interaction. In this process, they can influence and modify the terrain, creating paths or patterns reflective of their activity. The project was built with the Unity game engine, taking advantage of its terrain generating and visualization tools. The system developed supports the creation and storage of parameterisable variables that allow the customization of the ants' behaviours, the inception of the terrain and some other display related settings. A select set of curated results demonstrates the algorithm's capacity to adapt to and transform various types of landscapes. Overall, this project's intent is to serve as the basis of a yet unexplored convergence of ideas: to unify the concepts of animal simulations and creation of interesting and dynamic virtual landscapes.", "palavras_chave": "Geração Procedimental de Conteúdos, Jogos, Modelação, Plataforma de jogos, Simulação", "areas": "Artificial Intelligence, Inteligência Artificial", "tecnologias": "NET, Unity", "link_pdf": "", "imagem": "", "rating": 3}}, {"model": "portfolio.tfc", "pk": 66, "fields": {"titulo": "O Acidente Vascular Cerebral (AVC) é uma das principais causas de mortalidade e ", "autores": "jpcseleuterio@gmail.com", "orientadores": "", "curso": "", "ano": 2025, "sumario": "O Acidente Vascular Cerebral (AVC) é uma das principais causas de mortalidade e incapacidade no mundo, exigindo um diagnóstico rápido e preciso para tratamento adequado. Diferenciar entre AVC isquêmico e hemorrágico é essencial, pois as abordagens terapêuticas são distintas. No entanto, os métodos tradicionais, como tomografia computadorizada (TC) e ressonância magnética (RM), demandam infraestrutura especializada, dificultando o diagnóstico em ambientes pré-hospitalares. Neste estudo, investigamos o uso da espectroscopia Raman intensificada por superfície (SERS) aliada à machine learning para a detecção rápida de AVC. A técnica SERS permite analisar amostras de plasma sanguíneo de forma sensível e rápida, identificando biomarcadores relevantes, como a proteína ácida fibrilar glial (GFAP), que está associada a danos cerebrais. O objetivo principal é desenvolver um modelo de machine learning capaz de classificar AVC hemorrágico com base em espectros SERS, utilizando GFAP como indicador.", "palavras_chave": "Acidente Vascular Cerebral, SERS, machine Learning", "areas": "Ciência de Dados e Inteligência Artificial", "tecnologias": "Python", "link_pdf": "", "imagem": "", "rating": 5}}, {"model": "portfolio.tfc", "pk": 67, "fields": {"titulo": "Global polarity is a key concept in international relations, used to describe ho", "autores": "duartecapinha@gmail.com", "orientadores": "", "curso": "", "ano": 2025, "sumario": "Global polarity is a key concept in international relations, used to describe how power is distributed among nations. The categories of unipolarity, bipolarity, and multipolarity have traditionally been applied based largely on qualitative interpretations – and, when quantitative, without sufficiently deep analysis or the extent of data that this study aims to explore. Since the beginning of the 21st century, the debate over the current polarity type has remained active. It has become even more relevant in light of phenomena, such as late globalization, the redefinition of spheres of influence, and increasing geoeconomic tensions. Can we still speak of American unipolarity? This thesis proposes a quantitative approach to help answer that question by developing a machine learning model trained on geopolitical data from historically consensual periods, such as the Cold War and the post–Cold War era. Key events such as the war on terror, transnational terrorism, the 2008 financial crisis, climate change, global migration flows, and current regional conflicts with global repercussions (Ukraine, the Middle East, China–Taiwan) will be considered. The goal is to identify patterns associated with each type of polarity and apply the model to the current context—to better understand what kind of international system we live in today, and what the data can tell us about it. Supervisor: Iolanda Velho Co-Supervisor: Jorge Botelho Moniz", "palavras_chave": "Análise de Clusters, Análise de Dados, Python, Séries Temporais", "areas": "Ciência de Dados, Ciência de Dados e Inteligência Artificial", "tecnologias": "Python, SQL", "link_pdf": "", "imagem": "", "rating": 5}}, {"model": "portfolio.tfc", "pk": 68, "fields": {"titulo": "Dissertação com objetivo de encontrar padrões que conduzem à rotatitividade e re", "autores": "fatima2011yausuf@gmail.com", "orientadores": "", "curso": "", "ano": 2025, "sumario": "Dissertação com objetivo de encontrar padrões que conduzem à rotatitividade e retenção de colaboradores, utilizando ferramentas de data science e modelos preditivos como clustering.", "palavras_chave": "Análise de Clusters, Recursos Humanos", "areas": "Ciência de Dados, Recursos Humanos", "tecnologias": "Python", "link_pdf": "", "imagem": "", "rating": 5}}, {"model": "portfolio.tfc", "pk": 69, "fields": {"titulo": "A retenção de colaboradores é um desafio significativo para muitas organizações,", "autores": "beatriz543pereira@hotmail.com", "orientadores": "", "curso": "", "ano": 2025, "sumario": "A retenção de colaboradores é um desafio significativo para muitas organizações, especialmente em mercados de trabalho competitivos. Desenvolver modelos de previsão para identificar quais colaboradores têm maior probabilidade de deixar a empresa pode ajudar as organizações a tomar medidas proativas para reduzir a rotatividade, economizando custos e mantendo o conhecimento institucional.", "palavras_chave": "Análise de Dados, Ciência dos Dados, Recursos Humanos", "areas": "Ciência de Dados, Recursos Humanos", "tecnologias": "Python", "link_pdf": "", "imagem": "", "rating": 5}}, {"model": "portfolio.tfc", "pk": 70, "fields": {"titulo": "O setor de retalho enfrenta uma concorrência crescente e margens de lucro cada v", "autores": "andrecapote1999@gmail.com", "orientadores": "", "curso": "", "ano": 2025, "sumario": "A alteração das tendências dos clientes, em conjunto com o avanço da tecnologiaprofundamente enraizada nas rotinas dos indivíduos, juntamente com um cenário cadavez mais competitivo acentuado por novos concorrentes, particularmente as empresas defintech, obrigaram as instituições financeiras a atender prontamente aos seus esforços dedigitalização. Este esforço é crucial para manter a importância num sector que está asofrer uma metamorfose substancial. Num passo mais lento, Angola segue esta tendênciaglobal, uma vez que um número crescente de indivíduos procura comodidades e ofertasfinanceiras digitalizadas, especificamente no domínio da banca. Assim, tendo em contaeste contexto, o objetivo do presente trabalho é analisar o impacto das novas tecnologiasno contato com a instituição bancária, visto do lado dos clientes e dos funcionários dasinstituições bancárias angolanas. Para o efeito, foram aplicados dois questionáriosinvestigação, a clientes e trabalhadores bancários, empregando uma abordagem deinvestigação quantitativa. Responderam ao questionário 78 clientes de instituiçõesbancárias e 50 funcionários bancários. O estudo sobre o impacto das novas tecnologiasna interação entre clientes e colaboradores das instituições bancárias em Angola revelouque os clientes estão a adotar positivamente ferramentas digitais como o MulticaixaExpress e a banca online. No entanto, persistem as preocupações com a cibersegurança.A transformação digital é vista como uma oportunidade para aumentar a eficiência e aprodutividade, embora a perceção do impacto varie entre funcionários e clientes. O estudodestacou diferenças demográficas, como o género, a idade e o nível de educação, queafetam as percepções e a adoção das tecnologias. Foram reconhecidas as limitações daamostra, sublinhando a necessidade de uma investigação mais exaustiva. De um modogeral, o estudo fornece informações valiosas para orientar as estratégias de transformaçãodigital no sector bancário em Angola, considerando tanto as oportunidades como osdesafios.", "palavras_chave": "Angola, Setor Bancário, Transformação Digital", "areas": "gestão", "tecnologias": "Bases de Dados, Excel", "link_pdf": "", "imagem": "", "rating": 3}}, {"model": "portfolio.tfc", "pk": 71, "fields": {"titulo": "A tese apresenta o Xperis, um inovador sistema de gerenciamento e armazenamento ", "autores": "marcelo.balves@outlook.com", "orientadores": "", "curso": "", "ano": 2025, "sumario": "Hoje em dia muitas empresas procuram cada vez mais inovar os seus sistemas informáticos. É hoje uma realidade que as novas tecnologias, os novos sistemas devem disponibilizar a informação correcta, no formato certo, à pessoa certa e em tempo exacto. “Ontem” tínhamos sistemas inflexíveis, hoje, têm que ser transversais, partilhados e em rede. Inerentes a esta inovação, as Empresas também pretendem que os seus sistemas sejam práticos, funcionais e rentáveis. Assim, tendo como base estas premissas, as mesmas procuram no mercado “parceiros” que possuam estas características e que lhes possam garantir/oferecer o que necessitam para desenvolverem as suas áreas de negócios, de uma forma sustentada, acrescentando valor aos seus próprios Clientes. Neste contexto, as Empresas prestadoras deste tipo de serviço para se poderem diferenciarem de uma forma positiva no mercado, quer nacional quer estrangeiro, devem adoptar sistemas que possam ir ao encontro das necessidades dos seus actuais Clientes e dos seus Clientes futuros. Várias empresas já tiveram um histórico de problemas relativos a elevados investimentos em que estes não conseguiram atingir os objectivos a que se propuseram atingir, visto que, muitas vezes não efectuam uma escolha adequada dos métodos, do âmbito e dos critérios que necessitam para desenvolverem esses mesmos projectos, originando perda de qualidade e diminuição da sua produtividade. Como reflexo destas escolhas, não conseguem alcançar os objectivos de negócio previamente definidos e propostos. Neste âmbito, é fundamental perceber a importância da utilização de uma metodologia, a qual se pode definir como: um conjunto de técnicas, procedimentos, ferramentas e documentação que sustentam e auxiliam os gestores/responsáveis no desenvolvimento e implementação de um sistema de informação. Dentro de uma metodologia, existe ainda várias fases que orientam os gestores/responsáveis do projecto para a correcta definição e escolha de técnicas apropriadas de acordo com as etapas que ocorrem durante o desenvolvimento e implementação de um sistema de informação. O que muitos desconhecem, é que muitas vezes o sucesso de um projecto de software depende de vários factores, tais como o planeamento, a definição dos objectivos a atingir e principalmente na escolha da metodologia mais adequada e compatível com o projecto em curso. Hoje em dia muitas empresas adoptaram a fundo as metodologias ágeis como sendo as mais eficazes e acessíveis à mudança proporcionando melhorias em diversos aspectos durante o processo de desenvolvimento de software, tais como: o tempo de entrega, qualidade do produto final e a redução de custos operacionais. Por outro lado temos a modelo em cascata/tradicional que foi e é a metodologia mais conhecida e a mais antiga. Para desenvolver um projecto nesta metodologia é preciso seguir cada etapa sequencialmente, ela implica que, um grande esforço seja feito em duas das fazes consideradas cruciais no desenvolvimento do projecto: levantamento de requisitos/necessidades e o design. O presente trabalho tem como objectivo principal o estudo dos ganhos de produtividade e de sucesso de metodologias ágeis vs. metodologias em cascata no desenvolvimento de projectos de software.", "palavras_chave": "Aumentar Produtividade, Ciência dos Dados, Informática", "areas": "educação", "tecnologias": "PowerBI", "link_pdf": "", "imagem": "", "rating": 3}}, {"model": "portfolio.tfc", "pk": 72, "fields": {"titulo": "O sector da saúde a nível nacional e internacional atravessa uma fase de digital", "autores": "deisi@ulusofona.pt", "orientadores": "", "curso": "", "ano": 2025, "sumario": "Dissertação apresentada para a obtenção do Graude Mestre em Sistemas de Informação no Curso deMestrado em Engenharia de software e Sistemas deInformação, conferido pela Universidade Lusófonade Humanidades e Tecnologias", "palavras_chave": "Empresas, Processos, Reduzir custos, Stock", "areas": "empresarial", "tecnologias": "NET, ASPNET, ERP – SAP, SQL Server", "link_pdf": "", "imagem": "", "rating": 3}}, {"model": "portfolio.tfc", "pk": 73, "fields": {"titulo": "Dissertação apresentada para a obtenção do Grau deMestre em Engenharia de Softwa", "autores": "deisi@ulusofona.pt", "orientadores": "", "curso": "", "ano": 2025, "sumario": "Optical Wireless Communication (OWC) has recently drawn significant interest for real-time data transfer in various terrestrial and underwater applications due to their extensive bandwidth, high data rates, low latency, and efficiency in terms of security, Energy Harvesting (EH), and cost efficiency. Despite these advantages, the optical communication is substantially impaired by absorption, scattering, and strong turbulence effects in various channels, which lead the optical scintillation and disrupt communication between connecting nodes. In this thesis, the development of optical signaling focuses on novel mathematical expressionsfor new software tools that aimed to enhance spectral efficiency and communication reliability. It investigates the performance metrics of the proposed system models designed to improve data rate and throughput while accounting for moderate-to-strong optical turbulence between transceivers under diverse channel conditions. TheOWC systems leverage advanced optical technologies for realtime monitoring and seamless communication towards advanced wireless networks. These systems support Ultra-Reliable Low Latency Communications (URLLC), increased network capacity, and high data rates. Therefore, optical communication in the visible light spectrum has opened new doors to explore unguided mediums such as devastating natural wildfire disasters and deep oceans through the Internet of Underwater Things (IoUTs). Additionally, this thesis aims to evaluate various optical transmission arrangements to mitigatestrong turbulence and misalignmentphenomena amongst communication nodes. An optical-enabled Autonomous Underwater Vehicle (AUV) communication model is designed in mixed ocean water within varying vertical layers in real-time scenarios. Also, a proposed design introduces a generic hybrid Free Space Optics (FSO) and Visible Light Communication (VLC) system for underwater communication, extending the capabilities of optical-enabled wireless communication. This system is engineered to facilitate reliable communication over long-ranges in aqueous mediums. In addition to that a setup of Unmanned Aerial Vehicle (UAV)-assisted Wireless Sensor Network (WSN)s for wildfire communication towards 5G and Beyond (5GB) networks is investigated based on the real-time experimental data. It is noteworthy that the unified Gamma-Gamma Distribution (GG) distribution offers a promising solution to design optical turbulence and is evaluated to meet the current communication requirements in hostile channels. This thesis assesses the performance effects of optical impairments characterized by multiple transceivers in wildfire communication, IoUTs, and communication within varying vertical water layers by following the Monte Carlo (MC) simulation framework. The findings are anticipated to deepen understanding of optical communication within various wireless systems, including UAV and AUV-assisted WSNs. This thesis aims to bridge the gap between the current optical-enabled Internet Internet of Things (IoT) approaches and the existing communication infrastructures along with the future work can be laid to improve the hybrid optical communication in optimizing network connectivity, localization, optical EH, Re-Configurable Intelligent Surfaces (RIS) assisted UAV and AUV communications.", "palavras_chave": "UnderwaterWireless Optical Communications(UWOC), UnmannedAerialVehicle (UAV)", "areas": "Wireless communication", "tecnologias": "Free Space Optical Communication, Internet of Underwater Things (IoUTs), Visible light Communications", "link_pdf": "", "imagem": "", "rating": 3}}, {"model": "portfolio.tfc", "pk": 74, "fields": {"titulo": "A Programação Orientada por Objectos (OOP, do Inglês Object-Oriented Programming", "autores": "bcipriano@gmail.com", "orientadores": "", "curso": "", "ano": 2025, "sumario": "The rapid evolution of wireless communication technologies has paved the way for an era of datadriven applications that heavily rely on the exchange of time-critical information for monitoring andcontrol purposes. This shift is evident across various domains: autonomous vehicles exchangingsafety-related information, remote surgery systems requiring ultra-reliable and low-latency communication, and high-frequency automated trading platforms demanding real-time data updates. In these emerging application scenarios, the freshness of information is of paramount importance, asoutdated data not only loses its value but can also lead to system failures and potentially catastrophicsafety risks. Traditional timeliness performance metrics such as latency and inter-delivery timehave proven inadequate to capture the timeliness requirements of these mission-critical applications.To address this limitation, the concept of Age of Information (AoI) has emerged as a reliable metricfor quantifying information freshness in communication networks.This thesis investigates AoI analysis and optimization across diverse wireless communicationsystems, including ultra-reliable low-latency communication (URLLC), simultaneous wirelessinformation and power transfer (SWIPT), unmanned aerial vehicle (UAV) assisted networks, anddeep joint source-channel coding (DJSCC)-based semantic communication. Mathematical modelsare employed to analyse average AoI (AAoI) in URLLC-enabled UAV-assisted communicationsystems and UAV-assisted wireless sensor networks (WSNs). Closed-form expressions for AAoIare derived using stochastic hybrid systems models, and the effect of system parameters such asUAV altitude, block length, and update generation rate on information freshness is investigated. Foranalysis of short packet systems, finite blocklength information theory is employed to accuratelymodel the performance of URLLC systems. Simulation results demonstrate that UAV-assisted relaycommunication maintains lower AoI compared to traditional direct transmission.The thesis also examines the AAoI in SWIPT-enabled cooperative relay networks under differentscheduling policies, namely, transmit without waiting and wait until charged. Moreover, it introducesa novel DJSCC-based semantic communication approach to minimize AoI for image transmissionand proposes a new content-based AoI metric, the age of misclassified information (AoMI), forDJSCC-based systems. These concepts are applied to a UAV-based wildfire detection system,enhancing accuracy and timeliness of information delivery. Simulation results show the DJSCC based approach achieves lower AoMI than traditional methods, especially at low signal-to-noiseratios and bandwidth.In summary, this thesis emphasises AoI as a critical metric for mission-critical applications,offering insights into optimising wireless communication systems for information freshness. Itenhances understanding of AoI in UAV-assisted networks, WSNs, and semantic communicationsystems, paving the way for future research on improving information freshness.", "palavras_chave": "Age of Information, Semantic communication, Simultaneous wireless information and power transfer, Ultra-reliable low-latency communication, Unmanned aerial vehicles", "areas": "Wireless communication", "tecnologias": "Deep learning, Finite blocklength information theory, Machine Learning, Matlab, NumPy, Python", "link_pdf": "", "imagem": "", "rating": 5}}, {"model": "portfolio.tfc", "pk": 75, "fields": {"titulo": "The design of Low-Power Wide Area Networks (LP WAN) assumes balancing the trade-", "autores": "tijana.09081993@gmail.com", "orientadores": "", "curso": "", "ano": 2025, "sumario": "Dispositivos voadores em rede, tais como veículos aereos não tripulados (UAV), também chamados drones, equipados com camaras inteligentes estão cada vez mais a serem utilizados para formar sistemas autonomos cooperativos para realizar tarefas de fotogrametria e detecção, incluindo a captação de dados de vídeo e imagem em tempo real de alta qualidade para monitorização no terreno, vigilância e serviços de gestao de desastres. O aumento dos UAV tem sido principalmente atribuído a sua maleabilidade e oferta de grande autonomia no estabelecimento de uma rapida ligação sem fios, permitindo esforços coordenados na recuperação de informaçao crítica e sensivel ao tempo a partir de varios locais, incluindo locais em perigo para reduzir os factores de risco humano. Embora tenham sido desenvolvidos drones de camara inteligente em rede para produzir enormes quantidades de dados críticos de locais atingidos por catastrofes que precisam de ser transferidos e analisados em tempo real, o funcionamento em rede e relacionado com a comunicação, abrangendo o sistema de UAV único a uma grande rede ad hoc de UAVs (UAV-FANET) capaz de fornecer uma coordenação rápida de agentes para uma recuperação e disseminação adequadas de dados de vídeo e imagem, vem com desafios significativos, nomeadamente topologia dinamica e mobilidade rápida dos nós. Al em disso, as UAV-FANETs enfrentam desconexoes intermitentes e não disponíveis intermitentemente, em grande parte devido a sua estrutura 3D, impactando assim a qualidade dos pacotes disseminados. Determinada a enfrentar estes desafios, o principal objectivo desta tese e investigar novos sistemas de redes de camaras inteligentes voadoras capazes de capturar e transmitir imagens e vídeo de alta qualidade em grandes areas geográficas, concentrando-se não na reprodução de vídeo, mas na investigação de abordagens avançadas de redes sem fios para a transmissao de pacotes. Para este fim, o objetivo desta tese surge no seguinte: analisar o estudo de aplicabilidade de enxames de drones para rede e requisitos de computação necessários para o funcionamento eficiente de um sistema de enxame como um sistema de controlo em rede; investigar escolhas fiaveis de desenho de comunicaçoes sem fios capazes de fornecer apoio suficiente para a captura e disseminação adequadas de pacotes de vídeo e imagem em grandes UAV-FANETs; conceber e implementar um novo esquema baseado em clusters chamado Mecanismo de Clustering Dinamico com Balanceamento de Carga para realizar o clustering devido a mobilidade dos nós e à estrutura 3D, ao mesmo tempo que se abordam as restrições causadas por alterações topológicas, e em sincronia com uma função de entropia para lidar com a tolerância a falhas de cluster e sobrecargas de tráfego para uma disseminação adequada dos pacotes de dados FANETs; e finalmente, para investigar o encaminhamento híbrido interoperavel baseado na posição, onde o encaminhamento intra-cluster e capaz de evitar caminhos de encaminhamento inadequados com base num metodo de classificaçao simples, enquanto o encaminhamento entre cluster baseado em abordagens gananciosas e de regras de mao direita para reduzir a sobrecarga de mensagens e para escapar a situacões de nós vazios, para resolver desconexões intermitentes e limitações de escalabilidade em FANETs agrupadas. A avaliação experimental realizada utilizando a ferramenta de simulação NS-3 provam que as nossas novas estruturas de comunicação são capazes de fornecer uma disseminação adequada de pacotes de dados em comparação com outros mecanismos de última geracão. Em suma, as estruturas teórica e lógicas investigadas neste estudo fornecem a base para a concepção e implementação de sistemas sem fios adequados capazes de fornecer uma disseminação adequada de pacotes de vídeo e imagem em grandes FANETs de UAV.", "palavras_chave": "Analise de Clusters, Redes sem fio", "areas": "ambiente, educação, sociedade", "tecnologias": "C#, Python", "link_pdf": "", "imagem": "", "rating": 5}}, {"model": "portfolio.formacao", "pk": 1, "fields": {"titulo": "English certificate C1", "instituicao": "Cambridge English", "tipo": "certificacao", "data_inicio": "2023-07-08", "data_fim": "2023-07-08", "certificado_url": "", "descricao": "Os certificados da Cambridge English são qualificações de proficiência na língua inglesa reconhecidas internacionalmente por milhares de universidades, empregadores e governos. Eles avaliam quatro competências principais: Leitura (Reading), Escrita (Writing), Compreensão Oral (Listening) e Expressão Oral (Speaking)"}}, {"model": "portfolio.makingof", "pk": 1, "fields": {"entidade_relacionada": "Licenciatura", "descricao_decisao": "Decidi incluir os campos nome, sigla, grau, duracao_anos, descricao, imagem, url_deisi e url_lusofona. \r\nEscolhi estes atributos por serem os mais relevantes para identificar e caracterizar a licenciatura \r\nno contexto do portfólio. Os URLs permitem ao visitante aceder diretamente às páginas oficiais do curso.", "erros_correcoes": "Inicialmente não tinha o campo sigla, mas percebi que era útil para apresentar a licenciatura \r\nde forma abreviada (ex: IGE). Adicionei também os dois URLs separados (DEISI e Lusófona) \r\nem vez de apenas um, para dar mais contexto ao visitante.", "justificacao_modelacao": "A Licenciatura é a entidade central do portfólio — todas as Unidades Curriculares dependem dela \r\natravés de uma relação ForeignKey. O campo grau permite reutilizar o modelo \r\npara mestrados ou outras formações académicas no futuro.", "foto_papel": "making_of/Screenshot_1.jpg", "data_registo": "2026-04-10T14:12:32.342Z"}}, {"model": "portfolio.makingof", "pk": 2, "fields": {"entidade_relacionada": "Docente", "descricao_decisao": "Incluí nome, email, foto e url_perfil_lusofona. Estes campos permitem identificar o docente \r\ne aceder ao seu perfil oficial, o que é relevante para contextualizar quem lecionou cada UC.", "erros_correcoes": "Inicialmente tinha o Docente dentro da UnidadeCurricular como um simples CharField. \r\nPercebi que fazia mais sentido criar uma entidade separada para evitar repetição de dados \r\ne permitir que um docente esteja associado a várias UCs.", "justificacao_modelacao": "A relação entre Docente e UnidadeCurricular é ManyToMany — um docente pode lecionar várias \r\nUCs e uma UC pode ter vários docentes. Por isso o campo docentes está definido na \r\nUnidadeCurricular com ManyToManyField. O Docente foi colocado antes da UnidadeCurricular \r\nno models.py para evitar erros de referência.", "foto_papel": "making_of/Screenshot_5.jpg", "data_registo": "2026-04-10T14:13:24.676Z"}}, {"model": "portfolio.makingof", "pk": 3, "fields": {"entidade_relacionada": "UnidadeCurricular", "descricao_decisao": "Defini os campos licenciatura, nome, sigla, ano, semestre, ects, descricao, imagem, \r\nurl_ficha, concluida e docentes. O campo concluida permite distinguir UCs já terminadas \r\ndas que ainda estão a decorrer, útil para organizar o portfólio.", "erros_correcoes": "Esqueci-me inicialmente de incluir a relação com Docente. Adicionei o campo docentes como \r\nManyToManyField depois de já ter criado a classe. Também tive um problema com o ficheiro \r\nmodels.py que não estava guardado, o que causou um erro de importação no admin.py.", "justificacao_modelacao": "A UnidadeCurricular tem uma relação ForeignKey com Licenciatura (cada UC pertence a uma \r\nlicenciatura) e ManyToMany com Docente. Tem também uma relação implícita com Projeto, \r\npois cada projeto nasce de uma UC.", "foto_papel": "making_of/Screenshot_4.jpg", "data_registo": "2026-04-10T14:13:57.556Z"}}, {"model": "portfolio.makingof", "pk": 4, "fields": {"entidade_relacionada": "Projeto", "descricao_decisao": "Incluí titulo, descricao, conceitos_aplicados, imagem, url_video_demo, url_github, \r\nano_realizacao, nota e a relação com UC e Tecnologias. O url_github é especialmente \r\nimportante para entrevistas de emprego, como referido no enunciado apesar de muitos projectos nao estarem no github.", "erros_correcoes": "A relação ManyToMany com Tecnologia foi adicionada depois de criar a classe Tecnologia, \r\nseguindo a mesma lógica da relação Docente/UnidadeCurricular. A classe Tecnologia teve \r\nde ser colocada acima de Projeto no models.py.", "justificacao_modelacao": "Cada projeto está associado a uma UC via ForeignKey. A relação com Tecnologia é ManyToMany \r\nporque um projeto pode usar várias tecnologias e uma tecnologia pode ser usada em vários \r\nprojetos. O campo nota é opcional (null=True) pois nem todos os projetos têm nota atribuída.", "foto_papel": "making_of/Screenshot_6.jpg", "data_registo": "2026-04-10T14:14:51.890Z"}}, {"model": "portfolio.makingof", "pk": 5, "fields": {"entidade_relacionada": "Tecnologia", "descricao_decisao": "Incluí nome, descricao, logo, url_website, nivel_interesse e categoria. O campo categoria \r\nusa choices (linguagem, framework, base de dados, ferramenta, outro) para organizar as \r\ntecnologias de forma estruturada. O nivel_interesse (1 a 5) permite destacar as tecnologias \r\npreferidas.", "erros_correcoes": "Inicialmente tinha um campo tipo separado da categoria, mas eram redundantes. Removi o \r\ncampo tipo e fiquei apenas com categoria com choices, ficando o modelo mais limpo e \r\nsem repetição de informação.", "justificacao_modelacao": "A Tecnologia relaciona-se com Projeto (ManyToMany) e Competencia (ManyToMany). Foi colocada antes destas entidades no models.py por ser referenciada por todas elas.", "foto_papel": "making_of/Screenshot_7.jpg", "data_registo": "2026-04-10T14:15:52.984Z"}}, {"model": "portfolio.makingof", "pk": 6, "fields": {"entidade_relacionada": "TFC", "descricao_decisao": "Modelei com base no JSON da ficha anterior. Os campos escolhidos foram titulo, autores, \r\norientadores, curso, ano, sumario, palavras_chave, areas, tecnologias, link_pdf, imagem \r\ne rating. O campo rating (1 a 5) permite classificar e destacar os TFCs de maior interesse.", "erros_correcoes": "Os campos palavras_chave, areas e tecnologias no JSON são listas. Optei por guardá-los \r\ncomo CharField com os valores separados por vírgulas (ex: \"Python, Django, AI\") por ser \r\na abordagem mais simples nesta fase. O script de carregamento foi corrido via \r\nmanage.py shell em vez de diretamente, pois o módulo project não era encontrado.", "justificacao_modelacao": "O TFC não tem relações com outras entidades por ser informação de terceiros (outros alunos). \r\nServe como referência e inspiração. O campo rating permite ao utilizador do portfólio \r\ndestacar os trabalhos que considera mais interessantes ou relevantes para a sua área.", "foto_papel": "making_of/Screenshot_2.jpg", "data_registo": "2026-04-10T14:16:37.128Z"}}, {"model": "portfolio.makingof", "pk": 7, "fields": {"entidade_relacionada": "Competencia", "descricao_decisao": "Incluí nome, tipo (técnica, soft skill, linguagem), nivel (básico, intermédio, avançado) \r\ne descricao. As relações ManyToMany com Tecnologia e Projeto permitem contextualizar \r\nonde cada competência foi desenvolvida ou aplicada.", "erros_correcoes": "Inicialmente não tinha relações com outras entidades. Após rever o enunciado, que pede \r\nexplicitamente relações com projetos, tecnologias e formações, adicionei os ManyToManyFields \r\ncorrespondentes.", "justificacao_modelacao": "As competências são transversais — uma competência como Python pode estar ligada a vários \r\nprojetos e tecnologias. Por isso faz sentido usar ManyToMany. O uso de choices para tipo \r\ne nivel evita erros de introdução de dados no Admin.", "foto_papel": "making_of/Screenshot_9.jpg", "data_registo": "2026-04-10T14:18:40.074Z"}}, {"model": "portfolio.makingof", "pk": 8, "fields": {"entidade_relacionada": "Formacao", "descricao_decisao": "Incluí titulo, instituicao, tipo, data_inicio, data_fim, certificado_url e descricao. \r\nO campo tipo usa choices (académica, curso online, certificação, workshop, outro) para \r\ncategorizar cada formação. A data_fim é opcional pois algumas formações podem estar \r\nainda em curso.", "erros_correcoes": "Não tinha inicialmente ordenação cronológica. Adicionei a classe Meta com \r\nordering = ['-data_inicio'] para que as formações apareçam automaticamente ordenadas \r\nda mais recente para a mais antiga, cumprindo o requisito do enunciado.", "justificacao_modelacao": "A Formação não tem relações diretas com outras entidades neste modelo, mas poderia \r\nrelacionar-se com Competencia no futuro. A ordenação automática por data evita ter de \r\nordenar manualmente na vista.", "foto_papel": "making_of/Screenshot_8.jpg", "data_registo": "2026-04-10T14:19:38.855Z"}}, {"model": "portfolio.makingof", "pk": 9, "fields": {"entidade_relacionada": "MakingOf", "descricao_decisao": "Incluí entidade_relacionada, descricao_decisao, erros_correcoes, justificacao_modelacao, \r\nfoto_papel, uso_ia e data_registo.", "erros_correcoes": "Inicialmente pensei em fazer uma relação ForeignKey para cada entidade, mas isso tornaria \r\no modelo muito complexo. Optei por um CharField entidade_relacionada com o nome da entidade \r\nem texto, mais simples e suficiente para o objetivo de documentação.", "justificacao_modelacao": "O MakingOf é obrigatório e valorizado na avaliação. O campo auto_now_add=True na \r\ndata_registo garante que cada registo fica datado automaticamente. A classe Meta com \r\nordering = ['-data_registo'] mostra os registos mais recentes primeiro.", "foto_papel": "making_of/Screenshot_3.jpg", "data_registo": "2026-04-10T14:20:26.705Z"}}, {"model": "escola.professor", "pk": 1, "fields": {"nome": "Pedro Perdigão", "email": "Pedro.Perdigao@gmail.com"}}, {"model": "escola.professor", "pk": 2, "fields": {"nome": "Luis Sousa", "email": "LuisSousa@gmail.com"}}, {"model": "escola.professor", "pk": 3, "fields": {"nome": "Lúcio Studer", "email": "lucio.studer@ulusofona.pt"}}, {"model": "escola.professor", "pk": 4, "fields": {"nome": "Ricardo Santos", "email": "ricardo.santos@gmail.com"}}, {"model": "escola.aluno", "pk": 1, "fields": {"nome": "Tiago Amaro", "numero": "22005058"}}, {"model": "escola.aluno", "pk": 2, "fields": {"nome": "Marco Cabral", "numero": "22004048"}}, {"model": "escola.aluno", "pk": 3, "fields": {"nome": "Francisco Costa", "numero": "22003038"}}, {"model": "escola.aluno", "pk": 4, "fields": {"nome": "Miguel Cabral", "numero": "22002028"}}, {"model": "escola.curso", "pk": 1, "fields": {"nome": "Django", "imagem": "cursos/django_eKoEKWe.png", "professor": 3, "alunos": [1, 2]}}, {"model": "escola.curso", "pk": 2, "fields": {"nome": "Spring boot", "imagem": "cursos/1689632891005.png", "professor": 1, "alunos": [1, 2, 3]}}, {"model": "escola.curso", "pk": 3, "fields": {"nome": "Next.js", "imagem": "cursos/nextjs-logo_34kuitG.jpg", "professor": 3, "alunos": [1, 2, 3, 4]}}, {"model": "escola.curso", "pk": 4, "fields": {"nome": "Vue.js", "imagem": "cursos/vue-js-logo-e1716176638531.png", "professor": 2, "alunos": [3, 4]}}, {"model": "escola.curso", "pk": 5, "fields": {"nome": "Arduinos", "imagem": "cursos/167123905ef0eb80d70037b89dc138babe7e2f1e_6K40lHl.jpg", "professor": 4, "alunos": [2, 3, 4]}}, {"model": "artigos.artigo", "pk": 1, "fields": {"titulo": "Test1", "texto": "BLABLABLABLABLABLABLABLABLABLA", "fotografia": "", "link_externo": "https://openarchive.nure.ua/entities/publication/677b262d-ffae-41a0-a8b2-0d21d879d0e4", "data_criacao": "2026-05-06T15:46:38.969Z", "autor": 6}}, {"model": "artigos.like", "pk": 1, "fields": {"artigo": 1, "sessao": "hxqkiwe8uwserga09ejvhkcmrsbnbxly"}}, {"model": "artigos.like", "pk": 3, "fields": {"artigo": 1, "sessao": "gkung8sziyjds5t745bq6vpxxq2b8ya8"}}, {"model": "artigos.like", "pk": 4, "fields": {"artigo": 1, "sessao": "hdligffz2bd5fowl4nm2hefi0orbhh9b"}}, {"model": "artigos.like", "pk": 5, "fields": {"artigo": 1, "sessao": "wx8qk8vwb111jiw6r8nx89vtsfm8qc6l"}}, {"model": "artigos.like", "pk": 7, "fields": {"artigo": 1, "sessao": "fv2ozw6fqwtculs8xixni07js1be2khw"}}, {"model": "artigos.like", "pk": 8, "fields": {"artigo": 1, "sessao": "ft7j8lhi34r9m2x29whx6i7vlugfla86"}}, {"model": "artigos.like", "pk": 9, "fields": {"artigo": 1, "sessao": "momr3h8x0cb7jt9sjrtksh92aupcno1b"}}, {"model": "artigos.like", "pk": 10, "fields": {"artigo": 1, "sessao": "7yyei7lyxhw81sfu8iz0tfjwtl22cpst"}}, {"model": "artigos.like", "pk": 11, "fields": {"artigo": 1, "sessao": "2tqvsreuigueadxf58o8c66fikh96na0"}}, {"model": "artigos.comentario", "pk": 1, "fields": {"artigo": 1, "autor": 6, "texto": "~MUITO BOM", "data": "2026-05-06T15:47:07.782Z"}}, {"model": "artigos.comentario", "pk": 2, "fields": {"artigo": 1, "autor": 4, "texto": "De facto muito bom", "data": "2026-05-06T15:47:38.576Z"}}, {"model": "artigos.comentario", "pk": 3, "fields": {"artigo": 1, "autor": 6, "texto": "obrigado", "data": "2026-05-06T15:51:15.200Z"}}, {"model": "artigos.comentario", "pk": 4, "fields": {"artigo": 1, "autor": 3, "texto": "blabla", "data": "2026-05-07T15:17:03.255Z"}}]
